,0,1,2,3,4,5,6,7,8,9,10,11,12,13,14,15,16,17,18,19,20,21,22,23,24,25,26,27,28,29,30,31,32,33,34,35,36,37,38,39,40,41,42,43,44,45,46,47,48,49,50,51,52,53,54,55,56,57,58,59,60,61,62,63,64,65,66,67,68,69,70,71,72,73,74,75,76,77,78,79,80,81,82,83,84,85,86,87,88,89,90,91,92,93,94,95,96,97,98,99,100,101,102,103,104,105,106,107,108,109,110,111,112,113,114,115,116,117,118,119,120,121,122,123,124,125,126,127,128,129,130,131,132,133,134,135,136,137,138,139,140,141,142,143,144,145,146,147,148,149,150,151,152,153,154,155,156,157,158,159,160,161,162,163,164,165,166,167,168,169,170,171,172,173,174,175,176,177,178,179
0,0.635033,0.59762025,0.6013002,0.5734161,0.5748337,0.5727268,0.5972812,0.67610407,0.7021686,0.710845,0.7881886,0.73243296,9.584895e-05,0.0011557334,0.014607285,0.043047085,0.04181388,0.030328551,0.08384817,0.1528559,0.14014901,0.05968184,0.046333525,0.08548694,0.10804089,0.07892932,0.09637903,0.18111695,0.23327883,0.17517172,0.1593214,0.2610422,0.25816718,0.17948139,0.059941985,0.023803059,0.019850397,0.020945678,0.0086293705,0.006048346,0.01745658,0.019271072,0.009613065,0.0055755493,0.01025252,0.010217662,0.0028637731,0.0030709857,0.007970417,0.008139737,0.0037643933,0.0036401362,0.0062702913,0.010236396,0.012613496,0.01126394,0.008402642,0.017141681,0.029003799,0.029232828,0.021952493,0.021350505,0.018862043,0.014477374,0.018990349,0.03216338,0.022118447,0.017276075,0.01776647,0.017132828,0.028482543,0.019759849,0.033347134,0.031142568,0.027629623,0.046188764,0.038237367,0.029318132,0.015670307,0.010254412,0.008906863,0.0074361255,0.008372178,0.00428385,0.0033035786,0.0019968355,0.0028548373,0.002670153,0.002785123,0.0031034667,0.0025879843,0.0034668578,0.0024083133,0.0036121584,0.0030147778,0.0028612989,0.0035434235,0.005100523,0.0052963826,0.004575723,0.004240102,0.005950778,0.005978735,0.0040991614,0.0015172953,0.0018855722,0.0017551745,0.001458032,0.0013854696,0.0015613844,0.0014665689,0.0012467807,0.00084474386,0.0009137381,0.0008351013,0.0004238805,0.00041565852,0.00049295195,0.0006169709,0.00065874215,0.00057293416,0.00034966026,0.0005422856,0.0004780227,0.00053093274,0.00067008456,0.0007636462,0.00048017377,0.00070204673,0.00092639885,0.002605774,0.00440236,0.0029593022,0.0031111857,0.001159565,0.00087499566,0.0008009751,0.00037988464,5.3789874e-05,0.00011500268,-534.50934,119.24177,-0.4013245,25.695332,10.70106,18.410904,0.88941175,-14.960806,-4.972084,-25.058857,-6.819336,-11.449919,-3.0976503,-7.968853,-6.0765667,-1.433568,3.2085464,4.654833,-4.6896977,-2.9329858,4.805496,-3.7674768,-3.3717299,-1.4545991,-7.9098544,-1.9800018,-5.2112937,-5.740832,-1.9616599,-5.480208,-1.4576118,0.10185442,-2.1942816,-1.3748618,-0.091085136,-1.8851231,-1.9626001,-1.5831763,-2.3694196,-2.5526872
1,0.6765394,0.5964002,0.5541985,0.49912262,0.47319978,0.5424505,0.6800168,0.7991061,0.78167194,0.6874015,0.7040601,0.7576626,0.0021407225,0.0019947044,0.022364749,0.10099996,0.15291458,0.09100796,0.06139181,0.12619497,0.21592715,0.24116823,0.12055808,0.09291505,0.1339924,0.09156155,0.18211184,0.580617,0.6833808,0.4206314,0.5316494,1.0226822,0.7554508,0.33473846,0.28276226,0.21213873,0.09863641,0.036211696,0.06712697,0.095584534,0.06106296,0.026806813,0.032495257,0.040262923,0.016770137,0.003546626,0.003988836,0.02742959,0.045414932,0.01426143,0.0051793903,0.024620239,0.060433414,0.038447615,0.0081943385,0.006198575,0.043916307,0.05815748,0.024282753,0.030372726,0.0862997,0.0401722,0.01286933,0.021039752,0.019980945,0.01489173,0.018545916,0.033593953,0.040007517,0.05149518,0.05109532,0.037563406,0.033600867,0.047069404,0.061884508,0.04287172,0.031139163,0.024503497,0.020402053,0.022902315,0.023517052,0.018977243,0.014443725,0.02342739,0.01598929,0.014840766,0.012175294,0.018694011,0.017279858,0.007959052,0.0042627463,0.0020403855,0.0025364612,0.000885692,0.0017447344,0.005724673,0.009989685,0.011397176,0.015349117,0.023855278,0.029002607,0.0316805,0.02686825,0.012601015,0.009907688,0.004506151,0.0026938443,0.0022897841,0.001168079,0.001475693,0.0016660785,0.0021244877,0.0031851379,0.004402469,0.0020173695,0.001265379,0.0015006246,0.0009968953,0.00064964016,0.0012865254,0.00067117234,0.0012795663,0.00206971,0.0009056337,0.0014164835,0.0016652847,0.003095844,0.0018634022,0.0006700518,0.00057130365,0.00071037695,0.0006119561,0.0008156938,0.00044654144,0.00075479195,0.00065126445,0.0010443833,0.001112423,0.0005665808,0.0005302418,-469.27863,136.58095,-26.004692,27.829336,6.7849503,25.70201,-10.0753765,-5.3161373,-10.445705,-20.251585,-9.335308,-2.7043617,-5.117229,-7.1146874,-4.203739,2.4420607,4.7794633,-1.575791,-0.29514626,3.0656457,1.2714832,-3.666954,-2.3802893,2.387976,-2.701486,-5.581142,-3.9746053,-0.813117,-4.108775,-5.351303,-2.8315005,-2.01338,-1.9809374,-1.5717815,-0.06608348,1.2174225,0.902163,0.1903427,-2.6830184,-3.0853057
2,0.6428799,0.66631866,0.7141202,0.68394876,0.65024394,0.6565846,0.71074885,0.77829605,0.75934917,0.7265936,0.73835826,0.6991247,0.0010854781,0.0055311997,0.05830045,0.1457767,0.104736626,0.060080014,0.20485014,0.45013133,0.42266524,0.12988162,0.0899522,0.17337406,0.3291934,0.2331405,0.22005731,0.29989505,0.7953193,0.98186743,0.6121502,0.50882137,0.82361865,1.091521,0.6042211,0.223371,0.5597553,1.303532,0.6392188,0.084242545,0.052381687,0.099149235,0.05345994,0.008378745,0.002532046,0.012884758,0.018397924,0.00621004,0.006295747,0.015491615,0.04548933,0.06868243,0.06781006,0.13563107,0.2515553,0.21048988,0.15047938,0.04896799,0.044871133,0.032049432,0.07377846,0.24787399,0.17136903,0.045240283,0.061416548,0.13671502,0.104457825,0.060803827,0.07984052,0.07240255,0.03441828,0.040862866,0.04204436,0.025588822,0.026260156,0.020909002,0.018641798,0.015355043,0.009606281,0.010083493,0.009421892,0.009525854,0.004725993,0.0034555,0.003246871,0.0043316497,0.0072535905,0.016722564,0.027862817,0.033172075,0.031698167,0.042388294,0.023838721,0.015427376,0.0032988214,0.0010861037,0.0007878356,0.0007241525,0.00081036804,0.0014898155,0.0025623178,0.00817118,0.0056393864,0.0032632637,0.0077986927,0.012742101,0.009912551,0.008975109,0.008079063,0.007258056,0.0064758006,0.0031643093,0.0016027698,0.0009409676,0.0015584199,0.0014813199,0.0012292818,0.0039281193,0.0037696217,0.003952357,0.0033686957,0.003147987,0.0034974727,0.002524839,0.002294822,0.0026187855,0.0020222082,0.0016924238,0.0021077057,0.004010736,0.0036366084,0.0047978866,0.006278422,0.005460635,0.00354553,0.0010045087,0.00095845124,0.0006871186,0.00019094029,0.0002091287,-507.0888,128.92442,-4.8088417,21.852451,3.649184,14.358631,-3.2436762,-3.3991864,-9.417316,-12.441912,-5.867458,-8.293236,-4.7553244,-1.0853385,-0.7009189,-0.93424565,-0.4271478,6.126602,0.73823917,-5.013469,-0.659331,-1.5990134,1.6531576,-1.0031536,-7.3211064,1.5130925,-0.6668064,-3.9672914,-1.0780437,-4.2661886,-2.1487815,-0.34784818,-2.4847522,-3.4919784,0.30768028,0.90328634,-1.6126893,-1.0600158,-0.48167035,0.17654796
3,0.6533442,0.5920677,0.5546918,0.54263085,0.49415198,0.5065225,0.6367523,0.71701634,0.69372714,0.66158664,0.77174306,0.7943126,0.00036942787,0.001093938,0.013624315,0.04461533,0.04611324,0.026438607,0.06239713,0.18583782,0.21225551,0.07454555,0.06389568,0.14453709,0.25794622,0.16135648,0.18222468,0.45488623,0.5916868,0.51052696,0.60044634,0.9396558,0.8459863,1.0915614,0.46042702,0.18775527,0.053967647,0.09527007,0.093100466,0.023245918,0.009058141,0.044420615,0.07842338,0.035326805,0.004757718,0.0041873525,0.00963772,0.0030368178,0.00081141974,0.0010677534,0.0017234805,0.0020359876,0.0022495256,0.002024783,0.003472928,0.015930805,0.016234862,0.008485029,0.010051002,0.010242447,0.0053141057,0.010123738,0.019597234,0.010509544,0.0042015826,0.018170469,0.015579951,0.012663238,0.025774268,0.018802518,0.008954437,0.008869982,0.006075804,0.0060936115,0.0070887175,0.0057855113,0.01087084,0.010723116,0.006659161,0.00725793,0.007783319,0.0083269,0.005263636,0.004783859,0.0031472233,0.002750412,0.0025489198,0.005929276,0.009394341,0.015983555,0.013564278,0.0127786165,0.005995316,0.0029771791,0.001733414,0.0011931015,0.0006772508,0.00043145492,0.0004548911,0.0008126777,0.0008995055,0.0027892997,0.004126117,0.002749135,0.0035709273,0.0046106507,0.0058580404,0.004710079,0.004552558,0.0044487477,0.001529668,0.0008135354,0.00054679246,0.0005474105,0.00070402335,0.00081531465,0.0005630539,0.0009093629,0.0010176166,0.0005230139,0.00030314902,0.0002655345,0.00038045723,0.0007283423,0.0010850567,0.003351208,0.0038281493,0.0030304168,0.0027469273,0.0024662253,0.001510979,0.001019818,0.0017383295,0.0018229374,0.00081004086,0.0011973438,0.0021526332,0.0016938308,0.0015976769,0.0010317471,-499.66415,136.87407,-0.295738,30.956312,11.898909,27.175673,-10.554899,-11.214157,-12.231733,-25.848568,-6.2686,-6.201765,-8.567611,-3.3125892,-2.7450328,-0.15104188,-2.1770787,4.9618654,2.907569,-5.014498,1.6918902,1.1655653,-1.0814017,-2.0173237,-5.621448,-1.4119209,-2.9159427,-5.372252,-5.2841477,-4.124958,-0.14432618,-2.5321558,-2.9814327,-0.5721448,-1.5277303,-0.033837665,-0.36010382,-4.1291113,-2.2273414,-1.220477
4,0.6767016,0.63002133,0.5803831,0.5686125,0.55390304,0.5737619,0.62897253,0.7055918,0.75801325,0.7603885,0.82024336,0.80414444,0.00025605873,0.00048232457,0.0065108063,0.054613184,0.12246451,0.07857613,0.024101175,0.044306133,0.11910126,0.13517365,0.07628415,0.03494246,0.06281872,0.09651023,0.10672547,0.1294108,0.15292972,0.13363706,0.27159736,0.5161155,0.28008136,0.11812962,0.10295153,0.045394998,0.010217611,0.009738998,0.020215046,0.02340925,0.018267281,0.011476968,0.009185543,0.009204991,0.006481992,0.008510629,0.0071132733,0.0038094665,0.007684298,0.0071229865,0.0039933277,0.0030232733,0.0033802488,0.004237348,0.004643988,0.0049624667,0.0059303916,0.0041009164,0.004863844,0.0073995763,0.016420657,0.010891168,0.007797554,0.010179378,0.006625292,0.0055922717,0.008547331,0.019899936,0.018962527,0.023501497,0.015535312,0.011712077,0.009008353,0.006120326,0.0073232553,0.0057409056,0.005307155,0.0074814493,0.0038930008,0.0051045488,0.004753182,0.0050788154,0.0039335643,0.011834728,0.0074315346,0.0034632608,0.002132842,0.0013283045,0.0018018122,0.0019179364,0.0019539413,0.0016549925,0.00083730876,0.00081961334,0.0016591498,0.0014177586,0.0007559612,0.0008084637,0.0010874531,0.00090609526,0.0018940392,0.0019387502,0.0014062559,0.0016422011,0.0014448541,0.0017031824,0.0019242576,0.0022286242,0.0026572607,0.0019943612,0.0005144494,0.0004237571,0.00021291492,0.00029652045,0.00059382705,0.0007051992,0.00054925244,0.0004812211,0.0005334621,0.0004092344,0.00089231,0.00064855453,0.00038318502,0.0005571951,0.0007381416,0.0006733379,0.0005799219,0.0005568276,0.00048127584,0.00044910933,0.0014373191,0.002728281,0.0022356012,0.0012213159,0.0007137935,0.00041289616,0.00041245823,0.00057124876,0.001176068,0.0006781004,-530.8614,123.896355,-12.816011,29.098768,2.0189452,26.18834,-6.582791,-8.708219,-8.680123,-22.766539,-5.5672894,-2.847693,-6.2475133,-4.86189,-4.5141263,-1.6569808,1.069809,3.4633918,1.4674841,-0.6317776,-0.1952103,-2.0171578,-0.51870173,-1.502095,-6.925158,-1.8745841,-3.0130806,-6.847158,-3.1260452,-2.5506194,-3.8632512,-1.0239778,-1.2761294,-2.5797358,-0.9399373,-0.32684693,-0.86767167,-2.3778174,-3.107427,-2.4945025
5,0.67634726,0.635409,0.6120032,0.58151394,0.5785992,0.6195638,0.7013908,0.745697,0.75543857,0.7961408,0.85025716,0.75951743,0.0009960679,0.00070911314,0.008733098,0.056393165,0.10293638,0.05910691,0.030658452,0.09604344,0.18466337,0.094193585,0.04402379,0.08459769,0.17214428,0.19646941,0.20148256,0.39379793,0.434844,0.410375,0.58463514,0.8974906,0.43154573,0.20230396,0.17026605,0.12623675,0.028593762,0.03563258,0.060347002,0.047825605,0.022564216,0.044422165,0.06990783,0.03423892,0.008216747,0.0051925536,0.0095329555,0.0033339239,0.002981757,0.002747781,0.0040842732,0.0052064057,0.0033044082,0.0020407434,0.0047192113,0.010090532,0.005902702,0.0028902204,0.012131066,0.019412713,0.015358769,0.0079009,0.010690186,0.019714156,0.0074254605,0.008248237,0.009701445,0.020908333,0.013973751,0.008004621,0.011513379,0.012447936,0.01255996,0.006577905,0.0069105974,0.008041455,0.006357725,0.005335039,0.0042668264,0.006665643,0.00815528,0.007517293,0.017425703,0.01793234,0.00992693,0.008355143,0.0034172174,0.0028558478,0.005178123,0.0043182764,0.004504803,0.0026358522,0.0018116647,0.0012708594,0.0022642212,0.0018397672,0.0010683278,0.0008960953,0.001520724,0.0013005676,0.0014834852,0.001257218,0.0008902443,0.002349862,0.0026686771,0.002661126,0.0034039556,0.0051830034,0.0071103647,0.004938773,0.0020692486,0.0018505653,0.0009852963,0.00096509926,0.0010372266,0.0010939173,0.00072239595,0.00062812207,0.00055774406,0.00044237412,0.00040520297,0.0002877025,0.00018229008,0.00037883382,0.0003810385,0.00038356672,0.0008082802,0.0009987609,0.00074333086,0.0007837376,0.00080650375,0.00068590976,0.0005610583,0.0008226391,0.0005453676,0.0004348931,0.00058186566,0.00041938893,0.0009935005,0.00084142084,-518.9239,118.209496,-12.662024,31.196827,9.458492,23.015408,-6.126205,-7.522135,-10.532923,-19.749315,-3.6962156,-3.4081423,-6.0666323,-2.2892742,-1.217904,0.24502972,1.3408408,3.4292424,2.4322286,-0.63982874,0.7074133,0.22913882,0.10738687,-0.62748504,-3.01099,-1.514453,-3.2550023,-3.169577,-2.546613,-1.7745441,-1.2482558,-1.5063832,-0.06395336,-0.48777208,-0.16024508,0.84781945,-0.24078193,-2.2961211,-1.2181346,-1.2536715
6,0.5619148,0.54672617,0.54186666,0.48696274,0.48656115,0.5173006,0.6238891,0.71276665,0.73900163,0.76702476,0.7982181,0.67921734,0.00022458842,0.0010046277,0.01288889,0.059896987,0.081669435,0.040546272,0.053627774,0.10900215,0.110644095,0.06821232,0.047949847,0.088831715,0.09812531,0.042909767,0.060832873,0.20300728,0.31436437,0.24783683,0.38127103,0.69237834,0.6074266,0.40865102,0.13939233,0.05747223,0.053634033,0.025270622,0.07177956,0.15608229,0.11029044,0.031713832,0.008222333,0.007801054,0.0054449816,0.0038229413,0.0022549406,0.004017909,0.006696488,0.005332429,0.0051853606,0.006183459,0.00591494,0.004649626,0.0047497903,0.006738734,0.0076873195,0.010462764,0.02798677,0.04246471,0.027931586,0.019795178,0.02358699,0.016582208,0.011359607,0.018236917,0.021314127,0.032976303,0.022712069,0.021365002,0.025754608,0.021330254,0.017201578,0.0146641135,0.01266941,0.022386946,0.01949813,0.011609389,0.0127324145,0.008285324,0.011714074,0.011638989,0.009175332,0.0046715247,0.0047950675,0.0033950624,0.003035984,0.0025961213,0.002995593,0.0032719523,0.004163747,0.0060399203,0.005013231,0.0023300017,0.0014154022,0.0014592403,0.0013548855,0.0011184075,0.0015612725,0.002186987,0.002835736,0.0030713023,0.0046268,0.008123848,0.010888761,0.01041121,0.011531434,0.005562814,0.003978672,0.005803577,0.0018932847,0.0005865415,0.00019848107,0.00025150354,0.00041867193,0.0008830004,0.00092942733,0.00084686733,0.0008542783,0.000737146,0.00054323237,0.00037594864,0.0001130462,0.000161905,0.00027632905,0.0003506869,0.00027009044,0.0006144415,0.0009968018,0.001126646,0.0022145654,0.0021005368,0.002077004,0.0025631494,0.0032126876,0.004431706,0.0039828722,0.0022933208,0.0012262455,0.0008629975,-518.6324,124.94396,-12.920144,21.987244,7.877274,24.367361,-11.093216,-3.3294501,-8.569664,-25.681528,-5.004106,-4.1101427,-7.5331583,-3.7741425,-3.4442532,1.9791749,2.535372,1.1315271,0.37519637,1.6058935,-0.03063377,-2.4653811,1.1408563,-2.599393,-7.0267653,-1.3155904,-4.2206225,-6.144025,-2.9883544,-3.4418597,-3.702982,-2.045222,-1.4718187,-2.3372486,-0.9897996,1.4844584,-0.16417363,-1.9468716,-0.122753516,-1.1425203
7,0.59949785,0.5208539,0.48817632,0.49132505,0.50659907,0.5119445,0.58623797,0.6883424,0.74375635,0.76173854,0.8073172,0.68479514,5.5725734e-05,0.00028972357,0.0074481154,0.06022881,0.11519781,0.06038288,0.02280954,0.115703404,0.23905012,0.24403076,0.105376184,0.06037774,0.09451215,0.10115183,0.21550255,0.39705542,0.51944387,0.3503,0.6218706,1.4635425,0.80608755,0.23661259,0.08984184,0.02513055,0.015238176,0.035648704,0.10490356,0.105677225,0.02075708,0.0064157825,0.0056476,0.0034514137,0.0014268339,0.0012644704,0.001554465,0.007902901,0.013288854,0.0036096147,0.002425189,0.003301983,0.00411275,0.0026874873,0.002338911,0.003767437,0.008118728,0.008943613,0.004583967,0.0064187995,0.018245284,0.010699331,0.0035405695,0.0098415455,0.021303866,0.018889135,0.017883528,0.016948853,0.011352651,0.011145303,0.01611023,0.01683323,0.013645111,0.011193711,0.013273876,0.019383065,0.028888434,0.021204306,0.020828217,0.020044517,0.031026244,0.021052105,0.016112437,0.014472571,0.006585021,0.0080092875,0.0038878422,0.0021898218,0.002429818,0.0037274011,0.006045043,0.003964537,0.0018007637,0.0011627864,0.0012679173,0.0022499117,0.0018116778,0.001877371,0.0019773757,0.0015188169,0.0012190042,0.0011719497,0.0020486233,0.003606132,0.0027364036,0.0035267232,0.004391299,0.002685792,0.004086773,0.004454846,0.0029256863,0.00202181,0.0015039893,0.0010992308,0.00093057385,0.0013011534,0.0013464174,0.0010526389,0.0018802797,0.0005850068,0.0006578505,0.0008180244,0.0014930337,0.0027972127,0.0024203046,0.002673572,0.004517139,0.0038149983,0.0023042026,0.0018413884,0.0039622462,0.0055438518,0.0054980274,0.0035229006,0.001349181,0.0035452535,0.005761366,0.0055613485,0.0039426237,0.0028698016,-485.0192,122.030266,-12.622949,28.048223,9.27141,25.250175,-6.764216,-9.262647,-13.468955,-24.506227,-6.546848,-6.372326,-9.018387,-5.348082,-4.4073296,-0.04975823,1.1003945,1.2560027,-0.5086292,-1.0798768,-0.108423114,-0.99832785,-2.2103438,-4.3099885,-4.935777,-3.5520012,-5.6707716,-4.6896057,-4.6594853,-5.291665,-2.426524,-2.9003441,-3.0493927,-2.712546,-2.3105035,-1.8122284,-0.43401077,-0.60795987,-1.4923437,-0.9640619
8,0.6767016,0.63002133,0.5803831,0.5686125,0.55390304,0.5737619,0.62897253,0.7055918,0.75801325,0.7603885,0.82024336,0.80414444,0.00025605873,0.00048232457,0.0065108063,0.054613184,0.12246451,0.07857613,0.024101175,0.044306133,0.11910126,0.13517365,0.07628415,0.03494246,0.06281872,0.09651023,0.10672547,0.1294108,0.15292972,0.13363706,0.27159736,0.5161155,0.28008136,0.11812962,0.10295153,0.045394998,0.010217611,0.009738998,0.020215046,0.02340925,0.018267281,0.011476968,0.009185543,0.009204991,0.006481992,0.008510629,0.0071132733,0.0038094665,0.007684298,0.0071229865,0.0039933277,0.0030232733,0.0033802488,0.004237348,0.004643988,0.0049624667,0.0059303916,0.0041009164,0.004863844,0.0073995763,0.016420657,0.010891168,0.007797554,0.010179378,0.006625292,0.0055922717,0.008547331,0.019899936,0.018962527,0.023501497,0.015535312,0.011712077,0.009008353,0.006120326,0.0073232553,0.0057409056,0.005307155,0.0074814493,0.0038930008,0.0051045488,0.004753182,0.0050788154,0.0039335643,0.011834728,0.0074315346,0.0034632608,0.002132842,0.0013283045,0.0018018122,0.0019179364,0.0019539413,0.0016549925,0.00083730876,0.00081961334,0.0016591498,0.0014177586,0.0007559612,0.0008084637,0.0010874531,0.00090609526,0.0018940392,0.0019387502,0.0014062559,0.0016422011,0.0014448541,0.0017031824,0.0019242576,0.0022286242,0.0026572607,0.0019943612,0.0005144494,0.0004237571,0.00021291492,0.00029652045,0.00059382705,0.0007051992,0.00054925244,0.0004812211,0.0005334621,0.0004092344,0.00089231,0.00064855453,0.00038318502,0.0005571951,0.0007381416,0.0006733379,0.0005799219,0.0005568276,0.00048127584,0.00044910933,0.0014373191,0.002728281,0.0022356012,0.0012213159,0.0007137935,0.00041289616,0.00041245823,0.00057124876,0.001176068,0.0006781004,-530.8614,123.896355,-12.816011,29.098768,2.0189452,26.18834,-6.582791,-8.708219,-8.680123,-22.766539,-5.5672894,-2.847693,-6.2475133,-4.86189,-4.5141263,-1.6569808,1.069809,3.4633918,1.4674841,-0.6317776,-0.1952103,-2.0171578,-0.51870173,-1.502095,-6.925158,-1.8745841,-3.0130806,-6.847158,-3.1260452,-2.5506194,-3.8632512,-1.0239778,-1.2761294,-2.5797358,-0.9399373,-0.32684693,-0.86767167,-2.3778174,-3.107427,-2.4945025
9,0.6171607,0.59816206,0.591854,0.55551356,0.5355258,0.5560257,0.6596499,0.77551126,0.77781296,0.759319,0.82379735,0.7077335,0.0002963505,0.00059229333,0.010388826,0.045905102,0.057634637,0.025948435,0.02576224,0.05574961,0.05274756,0.03742021,0.040156126,0.100103594,0.10912694,0.055288795,0.09176196,0.27027348,0.36602792,0.22300465,0.24809863,0.5593488,0.4919889,0.19899155,0.05539267,0.0705152,0.061402336,0.02755256,0.039023645,0.07522968,0.04581041,0.013782218,0.0068311826,0.0054408005,0.0052451887,0.004677315,0.0016374438,0.0027270704,0.007668391,0.008078321,0.008734026,0.009990841,0.00530323,0.003998898,0.00814834,0.010403079,0.006423063,0.00646261,0.023532389,0.031550363,0.022321269,0.010925821,0.010867989,0.012477711,0.006304004,0.0047503263,0.0063190265,0.010693585,0.015961528,0.028279949,0.023059566,0.013772569,0.0104931,0.017177293,0.023310244,0.016817607,0.01583624,0.010431805,0.0068398654,0.0052451403,0.0041926787,0.005233639,0.004567122,0.006194422,0.0028789043,0.0034215385,0.002691984,0.0016971017,0.0013191709,0.0018789518,0.0026530062,0.0014217766,0.0010283985,0.0008176547,0.0010335767,0.0007893158,0.00048007074,0.0004980052,0.00086450286,0.00066368317,0.0014628412,0.003342243,0.0025888013,0.0024305084,0.0022985586,0.0020970996,0.0010980738,0.00094430434,0.0011277241,0.0009932945,0.00064655475,0.00045809004,0.0003553764,0.00014114719,0.00027370307,0.00025384416,0.00025771666,0.00046087964,0.00034774686,0.00031881308,0.000297003,0.00037002872,0.00016438511,0.00015645672,0.00021148854,0.0003746752,0.00025808733,0.00040303875,0.00076873804,0.00093692425,0.001323052,0.00075459277,0.0019289481,0.0011025533,0.00030835217,0.0006082568,0.0013385302,0.0015080681,0.0009949984,0.00047165554,-504.98526,136.33467,-8.1672735,28.549927,8.183191,24.733906,-8.219923,-8.265984,-6.34012,-24.76481,-9.618815,-4.213,-10.032831,-6.004677,-3.1221783,-0.50176513,-0.36843652,1.8108287,2.4035747,-1.0684686,-0.5279033,-0.5464938,0.052438915,-1.4309794,-6.166927,-1.7511096,-2.8865986,-5.3368764,-2.522897,-3.539845,-2.853015,-1.3195921,-1.5303525,-2.1145732,-1.2978791,0.520474,-1.3008991,-0.85090405,-0.9873448,-1.984337
10,0.6140149,0.5513347,0.59256667,0.5663088,0.57080173,0.5615817,0.65032345,0.73994446,0.7323133,0.70857507,0.74714154,0.6668201,6.7409346e-05,0.00032418137,0.004881253,0.03985997,0.14904182,0.14764452,0.06569562,0.09173995,0.08828949,0.050105676,0.08036271,0.10811241,0.1243709,0.094865724,0.11989146,0.3334269,0.5421311,0.397871,0.38603085,0.5067254,0.29916924,0.203671,0.10844454,0.026993915,0.015427226,0.021247096,0.051827952,0.06912137,0.030534351,0.007647764,0.006909938,0.0027864561,0.0031227884,0.0054368163,0.0034121855,0.0006079622,0.0014502835,0.0049408884,0.0056722653,0.0024868788,0.0008800306,0.00064463797,0.0012533758,0.003019593,0.002371831,0.0008299494,0.0005587012,0.00096453284,0.012657057,0.017967083,0.0039033573,0.0022667113,0.0049510603,0.0056597865,0.0060194856,0.011211125,0.009976281,0.012838428,0.012664572,0.013753871,0.014460027,0.01322017,0.013145834,0.01296784,0.011503566,0.0038390462,0.00812198,0.006293988,0.00880539,0.007563701,0.004465769,0.002899072,0.00229144,0.0013940788,0.0013672643,0.0029758185,0.0039201356,0.008079362,0.008070804,0.0056450157,0.0039429003,0.0055375295,0.006912983,0.0061692013,0.0046994775,0.0026425142,0.0021665785,0.001993679,0.0011508124,0.0008548714,0.0005119313,0.00042334132,0.0013132518,0.0011551777,0.00078745146,0.0015565702,0.0018634351,0.0010599152,0.001354107,0.0006363821,0.00029300965,0.00041220803,0.0006564619,0.0006621346,0.0011750952,0.0018497333,0.0026771347,0.0022533368,0.004264404,0.004868387,0.0026707128,0.0013875953,0.00044247796,0.0002651449,0.00065852195,0.002416106,0.002884729,0.004207152,0.0086144805,0.009987063,0.008169223,0.008823114,0.0035221044,0.0016444136,0.0012247547,0.00089361944,0.0007349682,0.0003100828,-516.5504,127.08859,-6.209725,30.461456,7.1671796,19.7045,-10.768633,-12.028183,-11.883541,-21.297632,-8.87535,-6.316553,-3.808077,-3.8504364,-6.5877604,-3.9029906,0.8440222,4.4394746,-2.9230404,-3.5423408,1.4090788,-2.2170792,-0.44256988,-2.2165537,-8.10751,-0.60301983,-4.514359,-8.110781,-1.0539274,-4.3507824,-5.652349,-1.4811227,-1.710048,-3.0238132,-1.5659478,0.20966399,-1.8901649,-2.910422,-1.6947176,-3.3154027
11,0.6140149,0.5513347,0.59256667,0.5663088,0.57080173,0.5615817,0.65032345,0.73994446,0.7323133,0.70857507,0.74714154,0.6668201,6.7409346e-05,0.00032418137,0.004881253,0.03985997,0.14904182,0.14764452,0.06569562,0.09173995,0.08828949,0.050105676,0.08036271,0.10811241,0.1243709,0.094865724,0.11989146,0.3334269,0.5421311,0.397871,0.38603085,0.5067254,0.29916924,0.203671,0.10844454,0.026993915,0.015427226,0.021247096,0.051827952,0.06912137,0.030534351,0.007647764,0.006909938,0.0027864561,0.0031227884,0.0054368163,0.0034121855,0.0006079622,0.0014502835,0.0049408884,0.0056722653,0.0024868788,0.0008800306,0.00064463797,0.0012533758,0.003019593,0.002371831,0.0008299494,0.0005587012,0.00096453284,0.012657057,0.017967083,0.0039033573,0.0022667113,0.0049510603,0.0056597865,0.0060194856,0.011211125,0.009976281,0.012838428,0.012664572,0.013753871,0.014460027,0.01322017,0.013145834,0.01296784,0.011503566,0.0038390462,0.00812198,0.006293988,0.00880539,0.007563701,0.004465769,0.002899072,0.00229144,0.0013940788,0.0013672643,0.0029758185,0.0039201356,0.008079362,0.008070804,0.0056450157,0.0039429003,0.0055375295,0.006912983,0.0061692013,0.0046994775,0.0026425142,0.0021665785,0.001993679,0.0011508124,0.0008548714,0.0005119313,0.00042334132,0.0013132518,0.0011551777,0.00078745146,0.0015565702,0.0018634351,0.0010599152,0.001354107,0.0006363821,0.00029300965,0.00041220803,0.0006564619,0.0006621346,0.0011750952,0.0018497333,0.0026771347,0.0022533368,0.004264404,0.004868387,0.0026707128,0.0013875953,0.00044247796,0.0002651449,0.00065852195,0.002416106,0.002884729,0.004207152,0.0086144805,0.009987063,0.008169223,0.008823114,0.0035221044,0.0016444136,0.0012247547,0.00089361944,0.0007349682,0.0003100828,-516.5504,127.08859,-6.209725,30.461456,7.1671796,19.7045,-10.768633,-12.028183,-11.883541,-21.297632,-8.87535,-6.316553,-3.808077,-3.8504364,-6.5877604,-3.9029906,0.8440222,4.4394746,-2.9230404,-3.5423408,1.4090788,-2.2170792,-0.44256988,-2.2165537,-8.10751,-0.60301983,-4.514359,-8.110781,-1.0539274,-4.3507824,-5.652349,-1.4811227,-1.710048,-3.0238132,-1.5659478,0.20966399,-1.8901649,-2.910422,-1.6947176,-3.3154027
12,0.6723908,0.6852859,0.64633757,0.5989794,0.5744777,0.5930817,0.61459285,0.7073346,0.78016466,0.7551143,0.76506096,0.7021816,0.00075749564,0.0014007017,0.009091232,0.04946291,0.14245099,0.16134526,0.09898785,0.061199285,0.071190864,0.08431769,0.28274524,0.45908353,0.19231242,0.14732213,0.16782476,0.4992212,1.2724022,1.5305133,1.0017223,0.6950442,0.5213277,0.44459593,0.31142682,0.14366747,0.06308272,0.03038925,0.046826676,0.14686042,0.19453993,0.113572985,0.0372802,0.015136314,0.01594168,0.017936295,0.011718819,0.0055179764,0.012924293,0.021407299,0.015776085,0.012942986,0.010836611,0.01527259,0.01958427,0.016878407,0.011314757,0.017441522,0.033449385,0.032739878,0.031224383,0.014885586,0.017680127,0.02537874,0.011118923,0.012627829,0.009466393,0.018416611,0.023927432,0.022709854,0.020384371,0.017597182,0.019432431,0.017563902,0.021979583,0.020787783,0.007977165,0.0065992414,0.0065735374,0.006354309,0.004140249,0.003024929,0.0044731963,0.014688936,0.007287736,0.0032641806,0.0039819074,0.004721217,0.0072811646,0.0054861302,0.0048515573,0.003004571,0.0019167359,0.0016418133,0.0011006334,0.0010056444,0.0004645861,0.0008771923,0.0014237877,0.0010827937,0.00073805446,0.0017510809,0.0028963983,0.0037873567,0.0030339097,0.00223878,0.002200954,0.0021897661,0.0026596144,0.0015118967,0.00068307173,0.00033054894,0.0002098674,0.00031688716,0.00046159502,0.00036979586,0.00063888374,0.00072205387,0.0010851006,0.00047458333,0.000391433,0.00059483165,0.00065966416,0.00031838333,0.0003653034,0.0003567003,0.0005268571,0.00029848464,0.0009221194,0.00126928,0.002582828,0.003734277,0.0033290163,0.002376809,0.00083116867,0.00043885986,0.0005991483,0.00049686735,0.0005913547,0.00039994332,-491.00168,133.93929,-6.240389,21.929218,5.035663,18.053978,-5.626646,-6.988947,-7.1574407,-20.789558,-9.183578,-3.7867897,-5.7525363,-4.651137,-1.5360402,0.05217354,-0.5292087,3.7803192,1.2846104,-1.0521816,-1.2050881,-3.6578856,2.076565,0.17106973,-7.4914303,-1.1850351,-0.9703564,-4.9841304,-1.0636674,-4.1704774,-4.468964,-0.3938955,-1.8922702,-0.5511166,-0.61121047,-0.5395392,0.14388762,-1.4955207,-2.1620471,-2.7166839
13,0.6494711,0.6316816,0.66463727,0.6147473,0.59212285,0.61507887,0.65799874,0.7767654,0.81819135,0.7670092,0.7414946,0.7049015,0.0037942848,0.016494134,0.04726459,0.06790165,0.13505043,0.17383286,0.17899023,0.14169969,0.08518171,0.07967115,0.3157635,0.4802949,0.23571943,0.15144391,0.40373567,1.399595,2.3520415,1.7211304,0.6699151,0.3802233,0.43233567,0.34686923,0.1059945,0.046943635,0.04534893,0.028949896,0.024431897,0.066844076,0.20612575,0.1986706,0.0517852,0.006979186,0.011776763,0.014458486,0.0053709038,0.003133747,0.010420407,0.024230106,0.026891978,0.02116471,0.021189447,0.029335508,0.020414978,0.008863169,0.007811942,0.013980729,0.022229675,0.030019192,0.03360274,0.022397282,0.02712045,0.027622921,0.016427498,0.012588806,0.008850726,0.015096021,0.019350361,0.01460872,0.017137527,0.03084153,0.029469168,0.015101694,0.013943356,0.01353902,0.009823395,0.01421762,0.008843636,0.006882677,0.0042455583,0.0072931163,0.008640277,0.015290698,0.011116974,0.0034588727,0.004954596,0.00582872,0.007801097,0.009732749,0.006410553,0.0037786658,0.0023223085,0.0016324801,0.001862278,0.0010922864,0.00045983976,0.0006495109,0.0012876398,0.0010533299,0.00084295706,0.0028559512,0.0032571137,0.0030709582,0.0036816644,0.002762559,0.0027984385,0.0028760154,0.0020878152,0.00092098024,0.00067309145,0.0004224933,0.0001798302,0.0005408041,0.00057544024,0.00048845087,0.0006881043,0.000534941,0.0005077352,0.000502405,0.00070728245,0.0010141439,0.0006687724,0.0008069198,0.0004859515,0.00027771405,0.00038683586,0.00039622714,0.0009021842,0.0009396509,0.0017290703,0.0026358508,0.0025003536,0.0038969885,0.0007022315,0.00054331834,0.00065979024,0.00064087997,0.0008080928,0.00035799452,-461.40396,128.18245,-4.743138,26.4084,12.642116,23.92663,-4.4618206,-7.690171,-7.611789,-19.358301,-4.116742,-2.4906752,-6.822528,-2.3488996,-0.017808804,-1.3762625,0.43206912,4.3706183,1.1290917,1.2577237,-0.3082314,-3.300724,3.4906895,1.1895653,-6.9417048,0.73096436,0.14628135,-5.711447,-1.3801719,-4.838287,-5.389678,-1.6538373,-3.1209066,-0.41867128,0.20643069,0.24964638,0.43433297,-1.8425064,-2.1844432,-2.6238978
14,0.5764913,0.505407,0.48316762,0.45831975,0.46606487,0.5202261,0.5657869,0.6278601,0.669582,0.681961,0.80147105,0.718845,0.00016352237,0.00085543323,0.011230497,0.07374393,0.18501633,0.15547131,0.09988623,0.14121546,0.19789444,0.15725006,0.20191206,0.20194235,0.13329224,0.17233784,0.22974454,0.477296,0.74438095,0.5384529,0.4541888,0.7564597,0.66152847,0.5815709,0.281153,0.09179614,0.035011157,0.030411333,0.11139359,0.23240508,0.41393805,0.39737377,0.114981264,0.008973382,0.0035410004,0.008390507,0.0075749196,0.0013990884,0.0029200467,0.005917053,0.013435488,0.018578583,0.008763085,0.0036195072,0.0032267435,0.0068931864,0.006768032,0.0013996257,0.0026684362,0.014907925,0.042530734,0.012177172,0.009725595,0.030972704,0.027621616,0.0133008845,0.022012552,0.04454674,0.035954144,0.04827418,0.030304754,0.022831408,0.019207533,0.010749286,0.021619314,0.018156156,0.012931526,0.018151686,0.015197956,0.01431734,0.010592994,0.014948848,0.011368342,0.015561347,0.0039486294,0.0023054483,0.0026542556,0.0019473592,0.0035674663,0.0054959063,0.0037944552,0.004673477,0.0047054603,0.0084242765,0.0028737776,0.0009117846,0.00031066276,0.0006196138,0.0005281562,0.00035485666,0.00044598163,0.0009318719,0.002425589,0.006244499,0.0037758502,0.005415819,0.012949653,0.0065278485,0.004964569,0.0041421615,0.0018911519,0.0010115799,0.0005611586,0.00093166565,0.0010429604,0.00054856704,0.00060339284,0.00070456584,0.0013696962,0.00064530695,0.0006715038,0.0011844088,0.00089610065,0.001092723,0.0013659091,0.0020884522,0.0034483196,0.003345231,0.004447449,0.0021525908,0.0029857645,0.0042691473,0.008866015,0.005840658,0.0017849623,0.0010598153,0.0017880057,0.0019510449,0.0021778995,0.0008331686,-494.53647,134.9084,-4.4265842,31.277887,7.1541004,26.08013,-7.027066,-13.032569,-12.954642,-25.607058,-4.568456,-2.158598,-11.80577,-4.685637,-2.3510144,-1.2938138,-1.6827428,2.5488324,2.8207707,-3.753023,-2.5413194,-1.3990328,-0.6178006,-3.6139553,-7.5282955,-0.5016571,-3.5018394,-7.1455207,-3.7024598,-5.6232066,-5.129048,-4.0377383,-3.416238,-0.9906312,-1.1569078,-0.16490503,-1.327007,-2.1220446,-1.9583482,-3.9770913
15,0.6487443,0.5226476,0.5080023,0.51311517,0.4896612,0.5121925,0.56580603,0.6225709,0.69586796,0.6933059,0.7533373,0.8322094,0.00015528373,0.00042243517,0.010219272,0.13526665,0.46338055,0.40090564,0.088314556,0.0600287,0.1602781,0.42672798,0.4336104,0.21652436,0.15661027,0.206457,0.58116037,1.4011136,1.4236715,0.7003769,0.6719542,1.0400196,0.8553787,0.36626616,0.22892477,0.45351055,0.32708392,0.17444104,0.078007124,0.10713515,0.16021204,0.16860972,0.11701095,0.038726404,0.009337691,0.010152786,0.008148878,0.009114491,0.010266638,0.00838106,0.008792859,0.008414873,0.010942161,0.008840617,0.00429904,0.0043995683,0.009740932,0.023509117,0.018948192,0.014319363,0.03505423,0.081598885,0.12845124,0.07361717,0.092012286,0.11112341,0.086660594,0.06524659,0.075693496,0.09359009,0.041912653,0.06559222,0.040925957,0.021464907,0.05315609,0.046591137,0.024517588,0.021628058,0.016980208,0.01979071,0.034192804,0.046580315,0.033800777,0.026283113,0.008595905,0.007063374,0.008096515,0.0044261785,0.009404912,0.0090009235,0.008459631,0.010619684,0.010743094,0.020456506,0.018393869,0.009765752,0.0035896783,0.004844607,0.002671147,0.0022435912,0.003698635,0.004617247,0.008981391,0.032167286,0.04101409,0.032594904,0.02315864,0.015581819,0.0073365406,0.0053950693,0.0024477555,0.0010434509,0.00046331796,0.00052397366,0.0004576967,0.00082456006,0.0008646099,0.0022280486,0.0028524122,0.0015799862,0.0025064768,0.0028196212,0.0031576948,0.0036777488,0.0027579525,0.0019414633,0.0015033572,0.0013996104,0.0014067349,0.0015003012,0.0051123532,0.011535241,0.011795149,0.004550202,0.0034006715,0.0011947387,0.0009515679,0.0017349995,0.002048854,0.0010311658,-478.64618,133.09293,-8.19168,29.807629,9.0131235,22.890242,-8.302129,-8.224966,-12.212421,-25.85093,-6.5762954,-3.3660264,-8.096099,-5.9620204,-3.7529955,-0.48078272,-1.3133353,-0.5678572,-0.061312154,-1.291258,-0.6499553,-0.8794426,-0.28320983,-4.3845816,-8.548124,-0.032166764,-3.8195953,-8.307126,-2.9642599,-6.0053697,-5.35071,-3.0088694,-3.7361991,-1.7924309,-1.5389465,-1.6328019,-0.5317597,-1.780555,-2.7272165,-3.5387497
16,0.5568672,0.5246915,0.47115552,0.46955892,0.54711854,0.61850196,0.6908061,0.68823385,0.6704058,0.72408855,0.81285036,0.6511403,0.00025678147,0.00044495024,0.0019928168,0.008363872,0.022417163,0.103201374,0.6432764,0.7755492,0.38584393,0.3301199,0.1657271,0.12418456,0.13377582,0.32738099,1.1575772,1.8006759,1.0746896,1.309533,3.4350505,4.7781897,2.1913059,0.68162096,0.37895614,0.23544121,0.084900565,0.05685168,0.07875414,0.114652775,0.1253798,0.098399095,0.042389963,0.013688856,0.0063088173,0.0039620884,0.0019251814,0.0024641897,0.008872598,0.038091294,0.122095406,0.14414063,0.04345947,0.00509065,0.0029069346,0.002391952,0.0039064563,0.015145233,0.04019564,0.037767515,0.015673261,0.007879265,0.008581795,0.028089065,0.07388773,0.098892786,0.021571225,0.018942121,0.020968147,0.030861039,0.033100188,0.032179877,0.05317521,0.041870467,0.08909725,0.050196134,0.033420455,0.044899534,0.045167774,0.032081652,0.01542565,0.02253808,0.077605344,0.10498428,0.017563308,0.008982186,0.012643217,0.0107383225,0.0046052337,0.0052866866,0.0060190125,0.002451367,0.0019301088,0.0034531653,0.0017261564,0.0010504615,0.0036027518,0.003435426,0.01170868,0.012246884,0.008973715,0.00949327,0.0056575886,0.008324621,0.0072702263,0.0041520153,0.0071102562,0.006465093,0.013875125,0.006862434,0.0072104596,0.002164866,0.00095902197,0.00061537925,0.00061661977,0.000500915,0.0005951069,0.0011804842,0.0017806661,0.0007918168,0.00088942196,0.00099217,0.0010861214,0.0010410799,0.0008348009,0.0006776172,0.00026891107,0.00041631458,0.00083019567,0.0019457903,0.0032588274,0.0045896573,0.009685219,0.0076331035,0.003552229,0.001119319,0.0008839261,0.0017380327,0.0036201335,0.0016036726,-442.35065,128.72397,-12.945892,22.469084,-0.7920001,20.96477,-10.025675,-15.349673,-8.9179,-29.56749,-12.622945,-0.28168598,-13.140233,-9.036962,-3.0763776,-3.2534819,1.6125036,0.63212454,-2.108863,-0.880222,-1.1359317,-7.097431,-4.715701,-1.5650787,-9.16605,-3.4498243,-4.130619,-7.55509,-0.4997194,-6.7497573,-7.2523017,-2.5796816,-3.8831494,-2.1161034,-0.5793712,1.8899616,1.6604192,-1.658432,-1.0384372,-2.9126496
17,0.6818369,0.6032213,0.59754246,0.5593061,0.51839113,0.56305647,0.6021175,0.6814681,0.7038691,0.6706819,0.7486551,0.8019829,0.0008745696,0.00072700845,0.005732587,0.05711461,0.18198037,0.25195187,0.32649314,0.27608195,0.17180268,0.1476876,0.1896024,0.28849524,0.32811832,0.35775858,0.8173152,2.2838304,2.7530153,1.1906528,0.9554061,2.1086054,2.5653994,1.6184504,1.0035523,0.52969486,0.15473813,0.10009191,0.08508382,0.112454385,0.12760781,0.06666065,0.022049064,0.007649497,0.0046011643,0.0066806497,0.01054854,0.025587618,0.03500108,0.040886696,0.03225915,0.020682724,0.01765941,0.022855334,0.017504945,0.017142307,0.030499987,0.03194092,0.022043252,0.03141904,0.06526955,0.040889975,0.027955795,0.031543344,0.019191194,0.04773275,0.052203454,0.043376245,0.02639785,0.035912853,0.026968488,0.05126816,0.09136327,0.05709212,0.105415836,0.10126971,0.05833107,0.08545541,0.06279461,0.032841958,0.020106157,0.017776338,0.017412862,0.023300866,0.013290535,0.012283783,0.014020523,0.011407033,0.014923782,0.016844193,0.016787957,0.008853288,0.0061949557,0.003970367,0.003106596,0.0022038692,0.003079222,0.00361776,0.0051497594,0.005003502,0.0047711646,0.0077277385,0.005655681,0.006897231,0.0059785205,0.0039959354,0.005476492,0.006386276,0.0063056624,0.00371576,0.0021638882,0.0008467275,0.00048531042,0.00029003242,0.00024470544,0.0002833527,0.0003277124,0.0005700496,0.0010064098,0.0005898323,0.0008015383,0.0006737916,0.00047654033,0.0006323051,0.00048493242,0.0005666634,0.00025296834,0.0003230805,0.0007936176,0.001659771,0.0022478518,0.004916346,0.0045725266,0.0035220599,0.0018850561,0.0005140847,0.00015306649,0.0007955424,0.0011039724,0.0012743245,-463.35876,134.86687,-8.934084,19.155064,4.76412,20.014616,-9.707789,-10.791999,-9.027205,-25.759743,-10.077256,-2.0244558,-7.713072,-4.965115,-1.2755818,-1.210146,0.6958666,2.4903874,0.07198201,-1.0185442,0.16505112,-3.6383605,-1.0554783,-0.91709435,-8.115347,-1.0860044,-2.7097938,-5.7444186,0.023452278,-5.473876,-5.0290213,-1.1458601,-2.2054718,-1.7420194,-1.165591,0.27643946,-0.09785386,-2.250592,-1.871324,-2.7713172
18,0.56157684,0.47666508,0.51008165,0.5236131,0.57816994,0.56523985,0.56144685,0.62099564,0.6686698,0.6123413,0.70680827,0.7464004,0.0005306132,0.00065334665,0.0032555517,0.023417685,0.090615205,0.36512047,0.7522266,0.54902726,0.21470663,0.102066405,0.12356113,0.23848113,0.920897,1.40898,0.9798523,1.8154393,2.227816,0.8432104,0.5888022,2.2558923,2.1687286,0.9035376,0.4296222,0.32108378,0.2307323,0.22529514,0.8610705,1.3924513,0.5092632,0.074807286,0.025599854,0.010417861,0.011844011,0.051219877,0.07312413,0.012836438,0.014054669,0.026909664,0.03187031,0.03494124,0.08434148,0.11189205,0.07800099,0.03435722,0.009652924,0.008283703,0.03687863,0.10644182,0.11567488,0.047893178,0.037050374,0.094991386,0.30331805,0.32434574,0.08401504,0.12360507,0.13435218,0.3559826,0.23208068,0.14784981,0.2767705,0.14093286,0.15205772,0.082423344,0.051144395,0.050125223,0.040875986,0.05142676,0.09101743,0.16409859,0.04008437,0.028880294,0.026217654,0.014102209,0.007836543,0.01136171,0.015627537,0.00823685,0.01375625,0.009321178,0.007778551,0.012182958,0.01196292,0.011517139,0.023850966,0.022766735,0.026092691,0.009940047,0.009911222,0.009692075,0.008747103,0.01598589,0.022046855,0.033930417,0.0542752,0.073781915,0.031136956,0.01800293,0.0072853863,0.0033963025,0.0020966262,0.0011571724,0.0011092892,0.0013617974,0.0014677625,0.0023255895,0.0029444036,0.0024277356,0.0040225186,0.0064832973,0.0030735347,0.0033040848,0.0015452396,0.0015586228,0.0005957399,0.00063783664,0.0012272756,0.0016815662,0.0045377426,0.011627576,0.017942384,0.010732429,0.0047328835,0.0015156781,0.001141771,0.0024712181,0.0022594745,0.0016626945,-431.38397,135.299,-24.271523,26.95205,4.270396,22.309546,-10.873538,-9.795341,-10.72101,-30.473743,-8.881127,-0.29527634,-10.756727,-7.4322395,-6.559727,-2.4745464,3.313802,-2.8918605,-2.6598098,-0.60707235,-2.3741503,-5.0478325,-2.4592047,-3.1417644,-9.5868635,-0.8004388,-5.68211,-7.427802,0.4279504,-6.6171627,-6.180183,-1.5100367,-4.772527,-3.695707,-2.140578,-0.9777287,-1.89457,-2.6793323,-2.1989362,-3.7622833
19,0.5858132,0.5279179,0.5170501,0.4902951,0.50979584,0.53530085,0.5773976,0.6355866,0.6854377,0.7186403,0.78406596,0.6940222,0.00046516806,0.00020238,0.0014021205,0.023799602,0.07846077,0.1371347,0.21113378,0.22332418,0.29306847,0.3935283,0.20993175,0.18959352,0.46223432,0.64119077,1.5422916,3.9862087,3.5236619,2.4039419,2.6815395,2.5605557,1.6486112,0.74012476,0.33060667,0.2623738,0.19500573,0.34977266,0.40884677,0.39448994,0.4537633,0.2631309,0.08244834,0.031818252,0.02281768,0.014451773,0.007198822,0.0074745654,0.020957997,0.041120045,0.076058455,0.0809407,0.026122494,0.008259001,0.010838305,0.013969371,0.037817128,0.058057133,0.051865436,0.09597371,0.27400663,0.13700427,0.10597109,0.13632071,0.09928472,0.04984804,0.081309415,0.24299392,0.088746905,0.0730433,0.10248752,0.11289678,0.096597575,0.046872415,0.06246883,0.07015125,0.050154097,0.025501557,0.020758694,0.023789665,0.048788667,0.052517142,0.057706017,0.04552265,0.03785643,0.041753527,0.015463022,0.010721905,0.03283665,0.01797755,0.008105583,0.008814783,0.005333132,0.008968807,0.015191983,0.0068180007,0.01075222,0.013130257,0.01044455,0.007609822,0.012918628,0.008610135,0.0067103026,0.011365217,0.019364022,0.018720243,0.035665814,0.030368447,0.022118866,0.0069710766,0.005402683,0.0026084993,0.00074378855,0.000514723,0.0005312732,0.00051912543,0.00058590394,0.0009415807,0.00091547286,0.00034590857,0.0007759096,0.0012631991,0.0010638745,0.0013870823,0.0008823334,0.0009974105,0.00067167555,0.0005029637,0.00052973005,0.00093611795,0.0020054714,0.003913384,0.010416192,0.005876814,0.0035934513,0.0015287992,0.00048338354,0.0013760247,0.002519945,0.0013867103,-465.17514,117.537415,-3.866246,19.574188,9.072223,18.698906,-10.626492,-14.329857,-11.964695,-27.781185,-10.967051,-3.0540395,-9.927744,-7.133688,-3.4275742,-0.19290516,1.3071034,-0.8547577,-1.4005952,-1.5014875,-0.9415661,-2.9719684,-1.5401567,-1.9998918,-6.408428,-2.5324354,-5.433711,-5.439307,-1.532768,-6.8000865,-5.067606,-2.2523553,-3.1619651,-0.47500795,0.2095111,2.032877,2.4915843,-0.7815073,-0.7030901,-2.1732624
20,0.59762293,0.6648629,0.68036366,0.6888943,0.6345721,0.6159607,0.6517411,0.69764066,0.69475466,0.7001294,0.76705325,0.6714506,0.00020104954,0.010804095,0.07378338,0.108799346,0.04045295,0.13153665,0.39498547,0.30864656,0.086835004,0.07310243,0.1598927,0.15401411,0.119228706,0.16147684,0.23653601,0.47997022,0.52155256,0.36759767,0.46967953,0.65476346,0.5431652,0.2655426,0.16563188,0.18114002,0.09993271,0.041469324,0.017246056,0.014984196,0.01742097,0.013189677,0.005802911,0.0045051025,0.006538618,0.0045746043,0.0017888093,0.005618522,0.009033515,0.003520698,0.0029371912,0.01095223,0.018220296,0.014515665,0.017635355,0.023309145,0.020536205,0.040701378,0.09211513,0.060941834,0.028567474,0.02482975,0.018866433,0.020163506,0.052644573,0.058821134,0.019819958,0.02028208,0.018833658,0.08874453,0.0761967,0.043127388,0.05089886,0.056130733,0.06305492,0.038749434,0.032372274,0.039827563,0.035251092,0.0174601,0.013079363,0.0077873096,0.0087120505,0.002870331,0.0019328182,0.0015827614,0.003436292,0.007728471,0.011563874,0.021929316,0.025694631,0.021469504,0.025481941,0.045950424,0.025809674,0.019435966,0.019861788,0.013382595,0.0068610325,0.004730361,0.0027981868,0.0025731432,0.0024538173,0.004525088,0.0049610115,0.0049247444,0.0032813763,0.006499516,0.010800347,0.012191587,0.0069674365,0.0040432946,0.0023707424,0.0023195557,0.00087494956,0.00057285745,0.0010630862,0.002241997,0.0025209312,0.0025893557,0.0015829207,0.0009265705,0.000580884,0.0012898382,0.0008196408,0.00060492824,0.0010177594,0.0012552224,0.0019509514,0.0022177792,0.0027035063,0.0032727928,0.0034829502,0.0027637964,0.0019094491,0.0010170182,0.00056545716,0.0003623187,0.0005050641,0.0003810449,-516.04553,122.65357,-27.058197,32.1978,17.016,24.68973,-5.856639,-1.2121758,-4.764775,-23.423601,-7.33872,-10.890759,-7.115724,1.9162277,-5.615305,-2.6838741,6.7021685,7.489965,-1.9522926,-4.6057663,2.1216598,-0.9686479,-0.788334,-2.8683636,-9.973259,1.8199488,-2.8381138,-8.423567,0.74857974,-4.119341,-3.3997033,1.8853891,-1.1637102,-3.0805278,-1.2493135,-0.23357533,-3.1168125,-3.1358373,-1.9004954,-2.3150516
21,0.5434879,0.54731125,0.6155984,0.6235641,0.5950804,0.5420184,0.57612485,0.6854645,0.71256757,0.69099337,0.7729171,0.6792464,0.00017700146,0.011621329,0.09401722,0.22078592,0.2017358,0.15758432,0.23508625,0.21607102,0.429243,0.32751983,0.10410697,0.061715677,0.30804515,0.64884263,0.3233476,0.24105941,0.7925665,2.169827,2.1918368,1.5957689,1.0047386,0.275286,0.11325754,0.12817946,0.071118146,0.028635288,0.018525364,0.014671825,0.0061801267,0.0044166464,0.005300556,0.0035556569,0.003073554,0.0028051,0.0022288526,0.00413865,0.007178488,0.006765034,0.0033094552,0.0056285607,0.01102291,0.009101279,0.0043607615,0.010101152,0.03312763,0.020334851,0.013561114,0.018061012,0.019095954,0.024666028,0.026953313,0.017252265,0.008094177,0.011909801,0.019173969,0.025035704,0.010604651,0.013721968,0.017626427,0.020213159,0.024910687,0.023867106,0.035574958,0.020149464,0.026241286,0.027831713,0.035180572,0.044815995,0.02866021,0.02114933,0.009228763,0.0035440584,0.0023824447,0.002412113,0.004704299,0.0068155075,0.013657184,0.024280274,0.0215914,0.028235342,0.024830919,0.02474366,0.019617109,0.017327301,0.0075118463,0.0061885403,0.0071550505,0.008660915,0.00606467,0.0043163053,0.0038415159,0.004970369,0.005895539,0.0069955452,0.012408253,0.018981328,0.018530894,0.014323734,0.011034053,0.0046822242,0.0037741119,0.0017376166,0.0012689225,0.0014114315,0.0023021325,0.0028958702,0.004047342,0.0027353254,0.0017436487,0.0014599389,0.0018018606,0.0010400048,0.0008583816,0.00046689587,0.0008944119,0.0012883899,0.0021052929,0.002461162,0.0044713975,0.008973239,0.006672947,0.0063548307,0.0017491882,0.00050069304,0.0003145126,0.00016435502,0.00021614072,0.00016317201,-479.38058,119.72258,-20.13346,31.028008,19.862398,18.91335,-5.248083,-4.173499,-5.5547566,-24.832558,-11.172987,-9.274704,-8.28568,-1.0783031,-3.4891808,-2.0117114,4.775171,6.500777,-1.810035,-3.5944672,1.46108,-1.4963945,-0.1392651,-3.9321942,-10.573121,-0.31779253,-2.7581985,-7.7210345,-1.5080975,-5.4547453,-3.1585417,1.3646492,-3.1013312,-4.964937,-1.1173027,-0.06334505,-2.8874276,-2.5961525,-1.8214802,-0.8494171
22,0.63057774,0.6269311,0.60412097,0.5564713,0.52890074,0.6110343,0.7564975,0.7727041,0.73443353,0.7504969,0.7939298,0.7059151,0.0007815226,0.0035897398,0.05178505,0.1375593,0.08071697,0.026973013,0.14959636,0.30924085,0.2504636,0.06943196,0.054391976,0.14512123,0.19253132,0.109853506,0.15746643,0.43423095,0.5228736,0.34987244,0.30903715,0.5326017,0.49398828,0.41510403,0.32960895,0.19993529,0.49900272,0.41822103,0.23996966,0.095500104,0.017592443,0.017665254,0.046730194,0.050747376,0.020418147,0.0107317595,0.010895152,0.022689158,0.018399151,0.0064748237,0.0061140507,0.017392641,0.031137524,0.021562818,0.017088937,0.030803466,0.095055506,0.07296249,0.07684464,0.15754756,0.2702588,0.119072944,0.05824513,0.09178843,0.059251513,0.035195656,0.025669094,0.023434263,0.010605469,0.020646695,0.01409412,0.014340374,0.012489852,0.013154883,0.011123123,0.008506471,0.0097293705,0.00887649,0.009997269,0.010413322,0.012326718,0.0060044085,0.0073634586,0.003811054,0.0028365492,0.0027628732,0.0022180793,0.0028171723,0.0030961547,0.00556184,0.006121223,0.012691199,0.008529487,0.008973281,0.005025761,0.0025795184,0.00097002595,0.0009115183,0.0012353439,0.0014634287,0.002198535,0.0032083187,0.0025696072,0.002912886,0.004147928,0.004856415,0.0039300295,0.0030041575,0.0047503468,0.0059225704,0.0035368938,0.0019831446,0.0010066974,0.0011488268,0.00075806404,0.00034023492,0.00013869708,0.0005695382,0.0007206914,0.00055402424,0.0007149135,0.0010022636,0.0010444289,0.0009121156,0.00089347444,0.00058948185,0.00032420116,0.000675174,0.0016186463,0.002349831,0.0016975715,0.0034136968,0.004402214,0.0035088237,0.003157261,0.0019886058,0.000580721,0.0006719312,0.0016414833,0.0007899073,-478.4662,124.68527,-17.215824,35.195568,3.8897355,26.161655,-4.5896235,-7.249081,-0.36857727,-25.782537,-7.7638702,-4.303251,-11.580042,-3.3603952,-1.2748032,1.1708808,4.2825065,3.9751062,-1.7391931,-3.6442366,0.3880919,-1.0412055,0.03241744,-3.0179274,-8.434417,-0.48139116,-4.264469,-6.802883,-0.5978722,-3.9580882,-1.9607128,1.0592564,-2.9911253,-2.590269,0.5466973,-1.0224113,-5.1454964,-3.0344057,-1.3725958,-2.9987645
23,0.652238,0.6298093,0.61501133,0.59294635,0.55725974,0.5185215,0.59470475,0.7486043,0.7884587,0.7707276,0.76724446,0.7498492,6.606421e-05,0.0015240881,0.04544497,0.20246488,0.21662094,0.05939414,0.09652012,0.29163185,0.40144825,0.15254499,0.06250846,0.11053489,0.17820354,0.16651487,0.19069256,0.5226864,0.671793,0.5954623,0.4935284,0.36903343,0.2711927,0.3742591,0.3395616,0.1303873,0.026104385,0.014526335,0.013500772,0.007544776,0.0037590591,0.011184247,0.031067355,0.023614656,0.011115218,0.004708684,0.0026163491,0.007572001,0.011473287,0.007454876,0.0030271928,0.0029723633,0.0053564766,0.01016087,0.008994507,0.008012326,0.01947771,0.031137053,0.03579618,0.037108507,0.05438598,0.04702708,0.048709426,0.062414665,0.020843385,0.032938946,0.022230545,0.009359456,0.01290471,0.02148043,0.014302676,0.018334806,0.018195517,0.017252538,0.016471663,0.020607457,0.015633868,0.012816742,0.01578383,0.020558754,0.011494452,0.0067794486,0.0046306862,0.0040230136,0.0017820632,0.0017780734,0.0018123381,0.003400141,0.003081294,0.0041200668,0.0037685945,0.0031076143,0.002596895,0.0028986286,0.0040065474,0.003502694,0.0011208444,0.000866564,0.0010025167,0.0011680716,0.0012565652,0.00094203633,0.0007578065,0.00067044207,0.0016625724,0.0022475831,0.0018626478,0.0016209662,0.0031846566,0.0041226484,0.003893908,0.0033538959,0.0016088642,0.001170619,0.0010332898,0.0005240131,0.00034445006,0.0013314605,0.0015534468,0.002705274,0.0031328262,0.0032583652,0.0046784296,0.003917483,0.0020993978,0.0021218038,0.001062918,0.0011913412,0.0030533485,0.0040114108,0.0037425035,0.007826305,0.006606746,0.007714753,0.0072969,0.0041192486,0.0016047036,0.0017941328,0.0026078986,0.0014649456,-523.4678,106.511185,-18.46352,39.505596,3.5342772,28.3781,-5.3626924,-2.7857223,-6.384795,-22.932533,-7.304431,-8.448758,-10.661141,-3.1106012,-1.5771312,-2.0819163,2.8560424,4.172963,-0.66628426,-3.331932,0.897693,0.13428925,-1.4382434,-3.092506,-8.41686,-0.850828,-6.809461,-6.323952,-0.090574324,-5.9536934,-1.8708295,0.7771693,-2.4924228,-3.4905057,-0.24599773,-0.8783925,-4.777181,-2.5048168,-1.5353199,-3.2801132
24,0.6709789,0.6277244,0.60860974,0.5711307,0.56713915,0.60016835,0.6805697,0.7624631,0.74072874,0.7212377,0.7440221,0.7118853,0.00015097245,0.005638883,0.07738115,0.19752857,0.115579836,0.058697276,0.35545182,0.52060837,0.25190333,0.051802274,0.111602776,0.22592393,0.22580273,0.15840134,0.41808695,0.9818453,1.2297653,0.6084726,0.36643392,0.4039144,0.27024817,0.34599268,0.3324401,0.121576354,0.03243691,0.01136444,0.004639728,0.0034853285,0.0025222288,0.0023168984,0.0033776318,0.0035127543,0.003137939,0.0025879554,0.0013973062,0.0019126819,0.0027449427,0.0026711705,0.0015698856,0.0022973474,0.0062117213,0.0076824785,0.008421098,0.008700548,0.01064773,0.015520803,0.022937007,0.019524716,0.02247224,0.047486313,0.03854023,0.014008668,0.01000544,0.011440581,0.006895127,0.009221945,0.012581943,0.018655369,0.019219978,0.022832941,0.012614113,0.01832846,0.0151779,0.016282005,0.010054323,0.014937676,0.0111007895,0.012256873,0.012202012,0.01649737,0.013781965,0.007269251,0.003913169,0.0024718868,0.0026905409,0.0022945288,0.0028480536,0.004591218,0.0049590226,0.0050237607,0.0021943753,0.0025120575,0.0030731582,0.004389307,0.0029074207,0.0015633701,0.0017665982,0.002192199,0.0020275465,0.002991896,0.0023189823,0.002161073,0.0023088036,0.0026599807,0.005100852,0.007339209,0.0050415793,0.005301834,0.0049101957,0.0034381896,0.0017671314,0.0006701863,0.0005202984,0.00022740065,0.00024949986,0.00069151627,0.0015024416,0.0010510391,0.00087729376,0.00069588015,0.00038707285,0.0004393253,0.0003648041,0.00024631573,0.0002447303,0.00031039165,0.0006976353,0.0012556148,0.0016840026,0.0035262813,0.0027286825,0.0028114824,0.0016550778,0.0004970481,0.0003648131,0.0005716298,0.00062880333,0.0006414186,-489.01797,119.37196,-19.299156,32.891933,8.897011,27.925865,-4.960712,-3.8737743,-1.3138472,-24.770475,-7.8109417,-6.847786,-13.129586,-3.984568,-2.2156265,-1.1775486,4.189611,3.7918363,-1.8560523,-2.4946601,0.5365868,-3.168043,-1.8500212,-2.8118117,-9.552365,-2.02567,-5.3329926,-7.8827953,0.38295385,-4.280812,-4.646367,1.0430242,-2.4962356,-4.981757,-0.16278759,-1.2802883,-5.3464885,-2.9209838,-1.8672829,-1.5734569
25,0.653572,0.59509695,0.59253746,0.5581976,0.5466213,0.5612627,0.65532124,0.7273539,0.73029983,0.71175706,0.75402284,0.75182074,0.00028235733,0.001013952,0.014997638,0.11520127,0.3152762,0.26389217,0.11126456,0.12980707,0.14364009,0.19011866,0.2567157,0.24110079,0.21615185,0.2728069,0.60736376,0.82862604,0.62148917,0.47957358,0.61668146,0.79992867,0.6861065,0.79396033,0.5264968,0.3329659,0.10646557,0.033405554,0.017169017,0.012304784,0.005513695,0.0024397299,0.004139055,0.004993152,0.003356528,0.0020478668,0.0014315572,0.0025665378,0.0043883934,0.0046341177,0.0025075604,0.0028307354,0.004772596,0.0050461204,0.0066277687,0.008793202,0.008613392,0.007981863,0.013390767,0.018311016,0.020342072,0.014191685,0.013804551,0.015302909,0.010922288,0.021737935,0.02437159,0.014928457,0.013551812,0.016286222,0.011405737,0.011064663,0.011404853,0.015387219,0.015105813,0.0114349,0.009274094,0.011934104,0.011767996,0.009526602,0.007563095,0.0085162595,0.017168565,0.011648609,0.005770868,0.0031966872,0.002246314,0.0030846766,0.0040423833,0.0071675098,0.0051371832,0.0068407324,0.0070605017,0.014474039,0.0099543845,0.0100564975,0.0054111765,0.004929587,0.0049244957,0.005397656,0.005087549,0.0049983426,0.003538627,0.002210287,0.0038885672,0.0061512575,0.0073558963,0.0045446884,0.004288194,0.0057878736,0.004806111,0.0033772453,0.0019040238,0.0006120221,0.0005682674,0.00032145745,0.0003238886,0.0013290835,0.002582245,0.0015419428,0.0016657915,0.0017514366,0.000982034,0.00079001393,0.00034851197,0.0002389514,0.0002687171,0.0004963899,0.0008518826,0.0028636411,0.007391508,0.007827442,0.0069359853,0.005719323,0.0031082,0.0007291631,0.0006694016,0.0007598704,0.0012747176,0.0011463632,-492.08295,129.818,-15.067132,31.403885,14.90021,29.86349,-8.976215,-10.818028,-2.4742942,-26.683533,-19.058472,-5.0728054,-11.844424,-8.298709,-0.7215048,-0.5571168,2.366264,3.8701975,-1.4687954,-3.1708736,1.1470848,-2.8912327,-3.7674577,-3.1474104,-8.278234,-1.4463383,-3.8725026,-7.5651045,0.20306158,-3.4209146,-3.5257628,2.272945,-2.9263124,-4.87002,-0.26782337,-1.7446601,-5.265421,-2.7453098,-2.087942,-2.2571776
26,0.5873358,0.5948286,0.56520057,0.5146065,0.47178993,0.5337046,0.6631897,0.7237596,0.71272415,0.7356081,0.8056119,0.69840115,7.7259785e-05,0.00045635746,0.012333807,0.095371164,0.22039819,0.16682212,0.0575205,0.09482401,0.2175316,0.32198992,0.3271733,0.2542195,0.31143397,0.4398229,0.70169175,0.8623525,0.70172393,0.60785717,0.91013646,1.410788,0.93082964,0.83838266,0.6546053,0.53048503,0.40095288,0.18354277,0.09576712,0.03625572,0.022240471,0.02076538,0.022170896,0.01989734,0.01786775,0.021110961,0.0140222795,0.006700903,0.008281466,0.006387821,0.005652753,0.011194757,0.01933387,0.020729618,0.021379622,0.04482003,0.090120725,0.10523372,0.12208061,0.22341903,0.2947956,0.15506995,0.04373926,0.0263352,0.027392289,0.035957083,0.044048358,0.04481132,0.030365707,0.039442513,0.030835139,0.023421418,0.021033973,0.027767157,0.028602934,0.020631311,0.021998074,0.027038021,0.040247787,0.030214695,0.016436024,0.009893482,0.009218332,0.006099663,0.00357407,0.002765897,0.0025766585,0.0049338234,0.007340296,0.009255426,0.0080378065,0.015159933,0.014479268,0.021309549,0.013552353,0.0060520074,0.0033984585,0.0031017847,0.0047264877,0.0065214583,0.0064426307,0.0062051187,0.0034927016,0.0033364403,0.0071637365,0.007972586,0.0059837746,0.006325217,0.008470507,0.010804299,0.008629382,0.005067696,0.0019119512,0.0027484624,0.002789847,0.0017087159,0.0019208449,0.0031201781,0.008079802,0.008195368,0.009168193,0.0072080162,0.007054845,0.004225678,0.0020824473,0.002131611,0.004945062,0.007972066,0.021890124,0.03445369,0.028989121,0.029343236,0.06253157,0.05510284,0.045081727,0.030852342,0.0054814247,0.007106427,0.023680001,0.012873672,-479.98514,122.95196,-7.441941,21.280428,7.360273,24.192291,-8.79571,-11.710827,-6.397117,-29.582388,-16.779924,-4.526001,-11.992907,-6.8436933,-0.45559725,0.36722004,2.3621025,4.8317213,-1.8395991,-3.817439,-0.24083166,-2.4638913,-1.5343088,-3.9265199,-8.54132,-1.5407661,-4.9187746,-6.2073927,-1.3534694,-4.44223,-1.1328267,1.0456109,-3.5794814,-3.2979345,-0.2804016,-0.57799023,-4.2573576,-3.6596222,-1.5501143,-3.2761247
27,0.62237555,0.62684506,0.6710827,0.6178837,0.537709,0.52632385,0.62582165,0.6968944,0.68544865,0.706281,0.7406818,0.66477275,8.22426e-05,0.0029094766,0.08586098,0.4045105,0.48459575,0.17874315,0.12717368,0.1919455,0.2570915,0.18081276,0.17837398,0.2614508,0.32381362,0.3002197,0.23870286,0.2750511,0.35611933,0.35555047,0.71287507,1.1216274,0.6212835,0.46285078,0.64680946,0.65820163,0.39843327,0.16234687,0.070112884,0.038327493,0.021933788,0.013030351,0.01573573,0.019015761,0.018273037,0.011847732,0.005905648,0.0077208257,0.013635158,0.020835673,0.01949229,0.021775909,0.038134612,0.052180205,0.05325225,0.044930242,0.081142776,0.17602739,0.27187648,0.19311309,0.26268297,0.3823903,0.20062268,0.09660439,0.046280332,0.04118996,0.028906548,0.035336237,0.028154545,0.03350163,0.042734995,0.057119302,0.046326205,0.040539443,0.039088104,0.030357383,0.015249363,0.01053151,0.007005359,0.006235936,0.0049860096,0.0049410816,0.0040589566,0.0041375523,0.0027379754,0.0018189317,0.0033150935,0.004480379,0.007893409,0.011720604,0.021083347,0.03272547,0.032891832,0.023155337,0.0093573,0.0045547653,0.0028408037,0.0028856753,0.003169889,0.0025766913,0.0029209629,0.003962844,0.002919014,0.0053947396,0.009143988,0.008673362,0.007728974,0.0075952006,0.0060474006,0.0047851065,0.0021008642,0.0011922452,0.0012478161,0.0008726687,0.0011629876,0.0023518037,0.0029966335,0.0022069323,0.0038493315,0.0030378597,0.0016345077,0.0012520992,0.0010634413,0.0010641027,0.0018545379,0.002149888,0.0022354352,0.0064138505,0.008894381,0.009729102,0.009071702,0.0102748815,0.004635342,0.0011181913,0.0007713553,0.0019702553,0.0022919592,0.0008124748,0.00077793794,0.0002405316,-482.26627,136.41748,-14.759,30.490047,11.169833,28.074583,-5.2959614,-5.701471,-2.9864905,-26.230907,-13.390292,-10.50379,-11.108946,-1.9187068,-4.748201,-2.486929,2.977954,5.688072,-0.6600905,-6.4011593,-0.8064357,-0.9497341,-0.93022317,-3.72042,-11.02034,-3.7223465,-2.7562144,-7.4489574,-2.7187994,-1.7641737,-3.3625047,-1.527024,-1.6025264,-2.7872295,-2.7643151,-0.023359144,-4.3268967,-4.8381968,-2.5598133,-2.6461132
28,0.5595536,0.5391054,0.5918018,0.5998626,0.5718893,0.5683066,0.67341197,0.72858,0.66366327,0.61586,0.6890099,0.6673036,0.0011983876,0.00084526715,0.0053853313,0.06641529,0.2381363,0.29671708,0.25511065,0.6186137,1.7855119,1.9130843,1.1457326,1.5651475,2.1670184,1.9944843,3.17738,9.116594,18.05266,19.333776,14.249623,11.316987,5.506958,3.2816236,2.3165395,1.4885308,1.5492219,1.4283544,1.4236739,1.6260612,1.7228806,1.3949589,1.0368915,0.75435007,0.6242043,0.567522,0.22269481,0.09115387,0.21014062,0.17042646,0.068606965,0.12815212,0.43006268,0.4947334,0.3948096,0.32367307,0.2884619,0.6500434,1.309316,1.4895829,1.0076964,0.50691813,0.49868593,1.0836447,1.0655235,0.9899197,0.9591456,1.0652701,1.0294517,1.255529,1.0548711,0.8068063,1.0278338,0.7995656,0.68212557,0.51753575,0.312887,0.39791825,0.24606223,0.32794172,0.24506697,0.17156811,0.15852013,0.1908452,0.1079193,0.109967515,0.10047125,0.1936101,0.1877162,0.21432248,0.23189192,0.23802939,0.21962579,0.26024646,0.22534072,0.19374853,0.10587358,0.11956275,0.116574235,0.13918865,0.10493331,0.07422053,0.045910306,0.037294384,0.029851,0.029363876,0.0143226385,0.018320167,0.04128695,0.0331109,0.03142893,0.013944226,0.018534377,0.013108856,0.004243106,0.0026061959,0.0031123818,0.0046056095,0.0070328983,0.013408531,0.015294455,0.016250443,0.018452467,0.017688917,0.0096043525,0.011407441,0.006519568,0.0033317856,0.012819495,0.021858001,0.029734815,0.037090108,0.04451203,0.033427097,0.017790286,0.005989757,0.0031132284,0.003255739,0.0030192947,0.0032499174,-357.5149,105.0469,-13.636308,13.76494,8.793419,7.0287814,-9.586236,-12.303993,-12.790697,-20.737812,-18.719746,-9.365774,-7.800618,-6.7458196,-4.9452105,-4.931784,1.5640374,1.9126269,-6.167072,-4.0660486,0.27898124,-2.478389,-3.1586287,-4.6254683,-3.1965182,-1.7720493,-6.6852536,-5.0215783,-2.1510355,-5.366184,-3.354706,-0.4361902,-3.2057476,-3.5153039,0.38898063,-1.9349369,-5.11755,-2.1355093,-2.111228,-3.2016027
29,0.58774424,0.5528247,0.6019228,0.5782952,0.5659116,0.5858452,0.62933624,0.7002774,0.68550205,0.64467496,0.73798394,0.7288174,0.002466609,0.0016614404,0.010783236,0.10540228,0.34460106,0.46669117,0.56293815,0.42351383,0.2722396,0.44664964,0.4372056,0.98976743,1.4186574,1.7725104,2.6405196,3.110201,3.2702122,3.4130976,3.512506,3.7985268,2.4401507,1.7430601,0.9592943,0.859895,1.4129171,1.110536,0.40901938,0.3291754,0.46420518,0.5393649,0.8381133,0.77716184,0.62122977,0.57212657,0.22337702,0.13099134,0.4027575,0.42047217,0.12658255,0.06552968,0.1300125,0.28917384,1.2652123,1.8797597,0.8424598,0.37897885,0.32042438,0.577271,1.6327083,0.98069644,0.40966976,0.35407478,0.20593275,0.48369858,0.7249853,0.64712304,0.23441721,0.28023982,0.4051078,0.4057828,0.4426969,0.25465128,0.19092308,0.18578161,0.08265736,0.074806854,0.0937468,0.052161604,0.060402445,0.059478726,0.09078175,0.06500898,0.0590045,0.03422647,0.03452721,0.06336231,0.04568951,0.07753093,0.057311628,0.080344565,0.076951355,0.05235069,0.06768945,0.05620216,0.0546901,0.044364043,0.04643924,0.060929213,0.09427818,0.061583504,0.024819883,0.026122835,0.02332387,0.014915219,0.007944398,0.01247331,0.021509336,0.046893433,0.026407652,0.02202332,0.011502263,0.007285087,0.00258607,0.0025036635,0.0040072417,0.0064903763,0.010036051,0.010726273,0.008885228,0.01061319,0.007844035,0.010598663,0.0057806396,0.010528792,0.0062215147,0.008979882,0.016073331,0.028268358,0.04655474,0.04243468,0.035791967,0.046380058,0.03401642,0.011573265,0.003990903,0.0047401297,0.008136547,0.0048410688,-392.22272,117.17565,-23.042328,28.366001,2.1424396,19.943758,-11.813354,-9.130718,-5.3578515,-20.452421,-16.641825,-6.5517645,-6.1975956,-6.464387,-1.509345,-2.3839195,4.035255,2.5905724,-4.601155,0.26247343,0.7392718,-3.3436666,-1.0654448,-3.3582156,-5.1797495,0.19449835,-6.753347,-5.357011,-2.0577862,-5.6923184,-2.1720173,-0.6769425,-1.8733125,-3.0273478,-1.7150443,-0.8236237,-4.1528277,-2.995765,-0.55031264,-3.4546955
30,0.6871735,0.62933004,0.6307396,0.5801159,0.53160894,0.53584856,0.6070923,0.6851943,0.68489385,0.6220239,0.7044737,0.77990645,6.1081664e-05,0.0007398759,0.009172357,0.04671734,0.15278885,0.17627288,0.100790635,0.114931,0.1303413,0.2133787,0.7857414,1.0110899,0.538781,0.5564641,0.9180923,1.6308997,1.804795,0.9780483,0.5531301,0.76306254,0.6901838,0.8334049,2.282057,1.729291,0.255315,0.09993124,0.11938984,0.3495704,0.68686485,0.44137195,0.07857698,0.036429226,0.058094654,0.057352904,0.036050916,0.02530848,0.035455275,0.03239708,0.02951693,0.036189407,0.07544255,0.105665736,0.16213086,0.2287004,0.4380797,0.43609643,0.23585172,0.14787725,0.30119002,0.45284212,0.44574544,0.19499965,0.032807477,0.15734799,0.319454,0.24461196,0.124410294,0.30057824,0.21491936,0.098524205,0.064632826,0.046268336,0.023775462,0.020100782,0.015705695,0.02228604,0.0341133,0.02953402,0.020614127,0.013728304,0.008977608,0.008700943,0.005143104,0.003390228,0.00366979,0.0045923484,0.00737461,0.011100285,0.007139264,0.015616498,0.018171929,0.05730498,0.05401557,0.019899525,0.009935421,0.007558782,0.009212288,0.0078171985,0.0077338917,0.0061290744,0.0056803576,0.004667578,0.006722897,0.009104726,0.006308033,0.007783313,0.010121548,0.013031565,0.012607521,0.010705854,0.004156712,0.0021744263,0.0014820775,0.000676849,0.0012666492,0.0039107427,0.0053610103,0.006069228,0.006506387,0.005512999,0.003558526,0.0043827896,0.003732154,0.0024811702,0.0059936456,0.010532331,0.018921722,0.036835987,0.017117633,0.037665762,0.113285586,0.05213342,0.024780117,0.024178581,0.004936731,0.0090605095,0.014389236,0.009332193,-491.3029,96.31475,-9.594918,17.399137,5.7552905,17.16758,-2.713303,-9.102305,-8.912088,-20.715979,-15.483757,-8.1030855,-8.897636,-5.0961356,-3.5162034,-1.5804037,1.5192276,2.878608,-2.385863,-3.6139956,-0.69493437,-2.4645958,-2.9217749,-3.4305542,-4.623931,-0.9033252,-4.2091155,-5.521626,-1.3190895,-1.8419812,-1.9082122,1.8318126,-0.9839065,-3.342262,0.122172914,0.20156682,-2.793306,-1.2957497,-0.27660847,-2.4654913
31,0.6131306,0.5855438,0.5911866,0.56189317,0.53434813,0.50410414,0.61772966,0.7129455,0.7132101,0.70543367,0.71936303,0.6841486,9.516297e-05,0.00076466904,0.018677916,0.12251368,0.29498804,0.29824308,0.15559399,0.21470648,0.41013935,0.32981178,0.60797524,1.0258273,0.8191013,0.5858337,0.5868029,1.3373647,2.6589515,2.7219405,2.0108979,2.6352074,2.7327423,2.9074824,2.9092364,2.0060904,1.0701963,0.303741,0.20839874,0.28899348,0.20609957,0.15561712,0.2160432,0.25212112,0.31391817,0.20465972,0.101341546,0.16111037,0.23957168,0.16246073,0.07344551,0.08410098,0.147528,0.23714946,0.26481903,0.24922176,0.36100242,0.45720255,0.73102254,0.8218361,0.8674842,0.7375379,0.55961585,0.5035923,0.36944932,0.4524224,0.27039397,0.12727202,0.13155237,0.30476624,0.20667443,0.25300705,0.2122017,0.18610276,0.10114603,0.13025971,0.058787853,0.10875837,0.11136707,0.056005172,0.06480457,0.023675296,0.028063519,0.016617587,0.011362787,0.008310042,0.008517871,0.013944827,0.017497873,0.03386945,0.025684958,0.051380437,0.037893947,0.048280314,0.04430264,0.02585817,0.018973295,0.015619592,0.013349918,0.018770082,0.018320171,0.021121912,0.014387655,0.011003618,0.009200973,0.014735395,0.011572371,0.011017871,0.01850193,0.027183566,0.030017862,0.027168086,0.007978834,0.0017591852,0.0017968197,0.0012768515,0.0021953438,0.0067026336,0.012724486,0.009648154,0.017392606,0.022543423,0.009448356,0.00675825,0.006648765,0.0066563897,0.0069325175,0.019440494,0.03414574,0.06413878,0.05758894,0.093828,0.14264867,0.1085042,0.03697597,0.030484485,0.008228129,0.0061967997,0.021434838,0.015328719,-435.3115,116.74624,-17.241457,20.938807,2.6649432,17.9638,-7.977668,-5.996163,-11.270947,-23.21204,-14.771067,-12.384429,-7.65959,-3.3417015,-6.660287,-1.707669,4.287354,1.1091545,-3.6704402,-2.978526,-1.7928852,-1.2771106,-3.9825628,-5.9194193,-5.2297597,-1.9138709,-6.849758,-7.9895997,-0.41384977,-2.147452,-4.4817944,0.32585904,-1.7870506,-4.9273157,0.049182095,0.120546944,-5.0344014,-3.1921332,-0.8608252,-3.231025
32,0.6026997,0.51652896,0.54656464,0.57892853,0.58441633,0.5966451,0.6345086,0.6034802,0.5683687,0.6581831,0.78367895,0.7178143,4.9591565,3.6926491,2.5414455,1.2964417,0.40574038,0.6589616,1.4305532,1.252894,1.2170398,2.4170506,8.629112,8.9613,4.653626,8.064324,13.075821,17.554558,13.414005,11.157014,43.450962,90.117805,64.34974,32.27125,19.433413,7.9955535,1.7558303,0.9546663,0.62579435,0.38311672,0.28649724,0.3354149,0.6621046,0.6770702,0.35248095,0.21419172,0.12582201,0.070743665,0.1401565,0.26972428,0.2639971,0.19438156,0.20156874,0.29937184,0.33451334,0.33997306,0.32748088,0.2020812,0.34604254,0.51869136,0.76810706,0.83697164,0.6416832,0.34919566,0.25341174,0.5012057,0.5462745,0.46529296,0.7438971,2.1316426,1.3107821,0.88020825,0.41028327,0.23052183,0.2707412,0.27134335,0.18622993,0.22220837,0.29450014,0.363747,0.47985545,0.48299,0.5554758,0.8346798,0.54314923,0.30216795,0.23701906,0.09408965,0.089673474,0.0858453,0.10799742,0.1921017,0.15829298,0.13976425,0.19408335,0.18300809,0.19397612,0.1610609,0.22007175,0.17900848,0.16600865,0.1175409,0.08308367,0.057684638,0.05302495,0.05641093,0.030307708,0.051447257,0.14772017,0.20167714,0.23066506,0.10000489,0.12085015,0.09043219,0.021509122,0.007992743,0.011395863,0.018590458,0.027427359,0.048460606,0.05922157,0.037746366,0.036008134,0.032170497,0.025374578,0.016148077,0.009155561,0.009021359,0.021983681,0.04064069,0.07740193,0.08643472,0.048008014,0.047568306,0.029609174,0.027972883,0.014946112,0.007983105,0.013921163,0.013021934,-316.28882,87.40624,-15.1093,14.385346,4.228519,12.361282,-9.096358,-12.870001,-13.498351,-19.97861,-17.536066,-7.4476027,-10.409972,-9.718235,-1.218002,-2.620542,3.2127411,1.278036,-5.1743145,0.2960375,1.5499278,-2.3664777,-5.147231,-4.8326416,-0.5403477,-2.9125574,-9.393325,-4.1378584,-1.2910223,-6.4269943,-1.5410746,1.3750118,-3.086215,-3.0333,0.26289025,-0.4507993,-4.112892,-3.4350328,-2.4309912,-3.7367895
33,0.60924345,0.6385316,0.67377514,0.6253277,0.5946576,0.5737726,0.64325476,0.680285,0.64138347,0.6872507,0.7567468,0.6941317,0.0003533641,0.0002596144,0.008630933,0.1143424,0.4524667,0.785546,0.8813055,0.45269543,0.110869594,0.14685377,0.5549609,1.6732695,2.2870889,1.9753753,1.2438233,0.82889336,1.529156,2.9453561,3.3056645,3.4738746,2.634251,1.6964972,0.91628474,1.0072911,0.7955988,0.19341911,0.091108866,0.11158262,0.06696479,0.029526168,0.025298696,0.03557202,0.08994072,0.08432417,0.025428806,0.01725841,0.035623726,0.026628206,0.0139872255,0.029022401,0.081329405,0.0919488,0.05377978,0.031547107,0.03516904,0.060819294,0.087785326,0.10016288,0.06330003,0.049870163,0.057569105,0.08620189,0.057320863,0.1618328,0.16411114,0.12004854,0.09297087,0.15401277,0.13193537,0.10484704,0.10138406,0.11367125,0.11640661,0.063390404,0.12932663,0.21097337,0.1537596,0.18831003,0.3134966,0.13292046,0.0735927,0.14495216,0.060305994,0.03671816,0.05127137,0.04936012,0.08329346,0.17696516,0.28279358,0.3546451,0.19513032,0.16324459,0.15146098,0.09694485,0.080863036,0.070665844,0.0514591,0.10387634,0.104773484,0.081019096,0.02578951,0.019278428,0.016095309,0.018007426,0.014700181,0.025157949,0.030055782,0.042773213,0.032587457,0.027478587,0.0073320232,0.0032297336,0.0028457975,0.0021008009,0.0024791716,0.0078044333,0.009446879,0.00798236,0.0069917664,0.0056100846,0.0032399837,0.0045511327,0.0026558132,0.0027492493,0.002199595,0.0033661653,0.0041307313,0.00524599,0.008998545,0.007210278,0.004975367,0.003899026,0.0018613959,0.0006431178,0.000856759,0.0010629499,0.00089427765,0.00056600955,-449.22116,90.56203,-20.830957,17.548939,4.8809867,17.672365,-8.715392,-6.4877725,-13.260023,-17.793325,-14.471414,-11.484205,-5.33415,-5.7629504,-3.9303422,-1.2211236,2.03137,1.8885057,-1.7032659,-3.2061687,-0.18373325,-2.904783,-4.2248645,-2.8560333,-5.8018975,-1.8540342,-4.757187,-4.096611,-2.4116504,-3.3232057,-1.4973805,-0.4836139,-1.877404,-5.9112244,-0.97812647,-0.27429,-4.944036,-2.6497607,-1.4633236,-1.6833029
34,0.6837251,0.6269722,0.63469756,0.6346879,0.6008644,0.5749827,0.58346015,0.6537614,0.6558351,0.6893942,0.7777939,0.77343297,0.00017276329,0.0003130828,0.0031161075,0.06247983,0.30805975,0.67179763,1.076383,1.0634513,0.6117658,0.3632087,0.7339128,1.4311861,2.0887332,2.8236938,2.4680586,2.9079309,4.714176,4.0676227,5.2136965,9.67112,7.965667,4.160153,2.0996091,0.9732179,0.52215505,0.38622808,0.43273705,0.6958262,0.8805434,0.6970355,0.7045354,0.7495844,0.9031183,0.8343183,0.41986266,0.75333685,0.8908815,0.31473246,0.16706775,0.18836066,0.36926278,0.6895218,1.0401256,1.0605291,1.298977,1.6731789,1.7273304,2.117978,2.5725155,1.9897474,1.4487551,1.4833133,1.0563438,0.9681661,0.66327024,0.5391042,0.27615073,0.32182196,0.2293354,0.19669756,0.16334043,0.10028007,0.07302487,0.064282246,0.11237425,0.117610656,0.102670215,0.09616347,0.06976834,0.05303852,0.032015346,0.058424022,0.03878766,0.022472218,0.019588867,0.018102186,0.013765065,0.01765605,0.02111139,0.01848875,0.029571585,0.042387813,0.06535009,0.08268631,0.084048346,0.13568488,0.17005578,0.20895244,0.26937455,0.14813334,0.107873045,0.061789386,0.031273168,0.024973057,0.009790364,0.012243269,0.01276739,0.038596082,0.023003634,0.014726969,0.010067979,0.0059406855,0.0042011,0.002953406,0.005264916,0.0137334345,0.023507372,0.027949246,0.032208204,0.021723134,0.018101128,0.011343189,0.007018706,0.0061115455,0.004652591,0.004779002,0.013752193,0.015549528,0.012409393,0.022816295,0.028888067,0.02783239,0.02827611,0.025414877,0.014781695,0.0096403295,0.00657556,0.006078757,-418.9539,80.924484,-15.97831,22.765587,-3.0474617,14.085721,-7.6363096,-10.641304,-6.2558346,-17.325813,-14.422484,-6.0406833,-8.359002,-7.195859,-5.0620527,-3.0693355,0.8993149,-1.3482423,-3.6507921,-1.5454494,-0.8713069,-1.9832917,-3.8965626,-4.322426,-3.205865,-3.620946,-8.086887,-4.604561,-2.7585669,-6.409111,-2.2034328,-1.3262316,-3.332482,-2.494499,-1.8889322,-1.5546789,-2.7309453,-2.317948,-2.6042604,-4.0806503
35,0.63474435,0.6202047,0.6437638,0.6080104,0.5631559,0.5829244,0.65580887,0.7263258,0.6998505,0.6789769,0.7293501,0.71905357,0.0001288762,0.0003041303,0.002546611,0.059083074,0.38325173,0.7884696,0.9785203,0.897068,0.40234292,0.23590562,0.6038412,1.5939344,2.133636,1.5404702,2.2920504,4.810801,3.9276116,1.3041893,1.3187073,2.876782,3.2576616,2.4593642,1.3347745,1.1216118,1.3732786,0.74801654,0.46844193,0.3781702,0.40092617,0.4488838,0.7434164,0.95964044,1.0129838,0.71655476,0.26552066,0.23091349,0.3213676,0.24324563,0.1427787,0.15667294,0.2878679,0.39327338,0.5810031,0.56311256,0.30423912,0.21130058,0.5391759,1.067173,0.7985357,0.4012847,0.36327648,0.40554422,0.33580804,0.41205418,0.37388155,0.330853,0.21471615,0.39432305,0.3300916,0.2385512,0.22454174,0.19396381,0.17281492,0.11979359,0.16375023,0.23568115,0.11153049,0.06372964,0.07645988,0.038647395,0.01802747,0.02138428,0.0120416,0.0063140807,0.0060528344,0.008571667,0.010322653,0.010912496,0.013660858,0.017378006,0.024806254,0.0239465,0.029718705,0.04756974,0.06689023,0.14273298,0.13471916,0.06898125,0.049954686,0.048002936,0.04353671,0.047248248,0.02970393,0.018255617,0.007171625,0.013137783,0.009744488,0.014148379,0.01079658,0.014422595,0.019374538,0.0138416495,0.003416354,0.0037562759,0.0030008352,0.004761072,0.00882554,0.009635519,0.012810524,0.014149789,0.013676083,0.008481736,0.009675616,0.009808602,0.0059277085,0.006334899,0.0065783407,0.01817613,0.029873589,0.03529222,0.03741509,0.02372791,0.015635695,0.0118989255,0.0021133316,0.0021431996,0.004475595,0.00437485,-424.78717,108.097984,-13.739759,16.636784,-2.7883246,14.091131,-7.8769436,-6.0758724,-7.790521,-21.981386,-14.7940445,-5.0330353,-6.7560377,-8.240624,-9.2575245,-4.9942174,3.3459404,0.120317,-6.53726,-2.3393035,0.8939145,-3.4751508,-5.0366716,-3.5515294,-4.3895507,-3.227739,-7.530237,-5.6503525,-2.0604556,-6.941291,-3.238725,-0.46472013,-3.1542401,-3.306827,-1.5134991,-1.8694385,-4.947321,-3.5387208,-3.4178758,-4.4240575
36,0.6490392,0.56750447,0.57797426,0.58777857,0.57952327,0.5315743,0.58822143,0.692704,0.72673845,0.7226394,0.7875712,0.8054743,0.0008067892,0.00052067306,0.006899767,0.13629457,0.5580357,0.69920677,0.37698126,0.1434609,0.17477196,0.3073407,0.53289896,0.7780221,1.2589406,0.74500155,0.9757826,3.3680646,3.79006,1.5479221,1.7194892,3.4449518,2.5042336,1.1388391,0.46027803,0.31710038,0.2882867,0.13960578,0.03748698,0.02051986,0.02031705,0.018580727,0.019921932,0.01254312,0.01050303,0.015157794,0.0098608835,0.013411394,0.016620731,0.012262378,0.012110551,0.014659204,0.030583307,0.044703986,0.046223212,0.037662614,0.04056641,0.07781842,0.07986174,0.078292154,0.053581864,0.053684015,0.09453633,0.066818394,0.051311065,0.09506928,0.07650041,0.07141913,0.04227008,0.049559146,0.08961094,0.1260376,0.0838325,0.051521715,0.068293326,0.06824611,0.07811601,0.048687328,0.038211938,0.0314692,0.046566773,0.05864857,0.06512504,0.028873777,0.016913688,0.007939576,0.007825389,0.008111507,0.012377762,0.012643131,0.013092003,0.0122462185,0.017425455,0.025057515,0.028651396,0.02045468,0.014097091,0.022804262,0.02426201,0.018105166,0.010384577,0.009142446,0.0072300974,0.00934697,0.010075014,0.0053920634,0.0033538046,0.0069426126,0.018035114,0.018085063,0.017358838,0.012882846,0.006802447,0.00453272,0.0026694096,0.0016110173,0.0007759114,0.00059762533,0.0016040584,0.0032199195,0.0052371738,0.0064831376,0.0069296514,0.005095785,0.0051427973,0.003827692,0.001663967,0.0010066064,0.0010820512,0.004612262,0.0066465773,0.0054797754,0.0116091585,0.01853417,0.012327985,0.008370238,0.0033636412,0.0013131354,0.002313008,0.0020395948,-435.4503,117.94152,-15.268943,23.487158,4.3906164,26.408968,-1.2836446,-13.275665,-5.2321386,-21.860334,-16.342896,-7.301464,-11.607184,-7.5013175,-4.473128,-0.9534324,3.9323847,3.2993786,-1.7175006,-1.7088256,-0.26197883,-2.6724205,-1.4073426,-5.3598247,-7.1984005,-1.2127631,-7.081629,-6.6070175,-1.564208,-7.1612434,-3.6400464,1.066811,-4.479819,-3.5959594,-0.41898406,-3.022566,-5.578981,-2.8510082,-2.899555,-3.6138382
37,0.6724977,0.6092989,0.57235926,0.5370151,0.4974004,0.48501045,0.5796457,0.6982929,0.7103919,0.656055,0.76387686,0.7559032,0.00022417704,0.00042286297,0.006490849,0.14021787,0.7691663,0.996248,0.4193835,0.15338744,0.15214384,0.22909988,0.7688567,1.1088324,1.198122,0.9509291,0.85547143,2.2610176,3.8801682,2.9412942,7.9096985,13.041294,5.5256042,2.0672348,1.2047575,0.6245129,0.38990054,0.24488813,0.12206222,0.0704822,0.04416672,0.040651783,0.047148336,0.05147134,0.041700397,0.021324368,0.009649743,0.01107108,0.02138106,0.024432728,0.028942749,0.030004617,0.035266776,0.044931,0.04362143,0.055660766,0.14303759,0.17178781,0.09751328,0.14199491,0.20865615,0.1463814,0.1280687,0.14142798,0.0927795,0.112452246,0.0807323,0.07490512,0.09264678,0.114972286,0.07250201,0.06940526,0.09984035,0.05829976,0.038115896,0.030923383,0.032606047,0.042407695,0.06357719,0.036090944,0.08868254,0.09695439,0.08795087,0.08199972,0.0357397,0.018083142,0.011797792,0.012530191,0.017870482,0.018923108,0.020239238,0.024868917,0.020306803,0.026561093,0.0305953,0.02351515,0.03497639,0.090416305,0.04849958,0.047180448,0.023625294,0.01583322,0.012744587,0.011969159,0.009991402,0.007373954,0.005292057,0.007305732,0.014982424,0.013539977,0.014745698,0.018821144,0.015146653,0.01102739,0.0034379303,0.0010254708,0.00049535796,0.0006098059,0.0007815439,0.0015600283,0.0022457656,0.0034642082,0.0032823835,0.0026050794,0.0018308592,0.0016223295,0.00073005294,0.00063479703,0.0006487166,0.0015077643,0.003621418,0.0072785593,0.011646655,0.011491073,0.0097167,0.0057061147,0.0022015304,0.0014244182,0.0026971446,0.0028702742,-419.1053,99.0079,-13.501813,19.130087,7.038286,19.381296,-2.44496,-11.669587,-3.8961647,-24.393648,-18.804884,-6.098956,-11.935062,-6.613575,-2.257449,-2.4220352,3.123105,2.6991243,-2.3976848,-2.2383902,-0.29195258,-2.8199944,-2.4762352,-4.763224,-5.9466395,-2.971748,-7.9793744,-6.1170163,-2.389834,-6.788862,-2.5256286,-0.8619724,-5.8134465,-3.4547768,-0.80211645,-3.082341,-5.312717,-3.0337303,-3.375917,-4.582844
38,0.71313155,0.6055583,0.5860313,0.575579,0.53964907,0.49456078,0.5350165,0.67133784,0.7128242,0.7010073,0.7241363,0.8117658,5.7740293e-05,0.0008628057,0.024870023,0.29529142,0.9120264,0.7326116,0.14274776,0.14591183,0.45448512,0.68820417,0.80314773,0.47759145,0.1779533,0.27832422,0.58258206,1.2268956,1.407011,0.7862192,0.8266035,1.2511772,0.78931975,0.5036565,0.506204,0.3277648,0.14375933,0.106093735,0.08480446,0.14005291,0.22688745,0.14209528,0.06674832,0.09662089,0.15713942,0.16561718,0.086107075,0.025499595,0.028605808,0.02768368,0.018596817,0.023473628,0.046084363,0.05501961,0.06871668,0.08745517,0.111863144,0.14553733,0.1714122,0.1885134,0.2511398,0.2950183,0.29333457,0.16294234,0.04696692,0.071461745,0.07056244,0.05656948,0.049444553,0.06571339,0.049462784,0.07710494,0.055579577,0.045682628,0.055083092,0.05212324,0.06318112,0.07802783,0.06347055,0.026882047,0.012428268,0.012376892,0.014349427,0.013899925,0.0065093744,0.004270655,0.008683756,0.0069951396,0.010784516,0.009193592,0.015583502,0.015327505,0.021051697,0.0317584,0.023554007,0.010623138,0.004314678,0.0047132755,0.0073720133,0.009200976,0.008973763,0.0057489458,0.008159423,0.010457952,0.013326009,0.008044357,0.0038431943,0.0053773276,0.0141303195,0.014005133,0.010508737,0.0069397846,0.004337797,0.005116882,0.0027102118,0.0006680963,0.0014214497,0.0039615543,0.0052726986,0.013814736,0.008761823,0.007706076,0.008532057,0.0050735506,0.0021075164,0.0019400483,0.0014649436,0.004109171,0.014109574,0.025919383,0.019659186,0.033924576,0.056394592,0.058124483,0.043836385,0.016670296,0.006352324,0.0077272765,0.012306341,0.013625704,-462.56516,106.58922,-11.427649,31.29739,0.62357986,21.948671,-4.2160397,-4.1951303,-6.4326835,-21.982843,-11.19106,-6.258897,-10.724432,-4.2878695,-3.9252465,-2.6804957,4.194821,2.515554,-2.7373276,-2.7382572,-1.6457212,-2.188882,-1.8525804,-4.4635787,-8.759306,-2.1838586,-7.08885,-7.624806,-1.6314138,-5.723903,-3.348038,-0.094752215,-3.3540082,-3.3822365,0.049089674,-1.3479179,-5.837262,-2.3431323,-1.415609,-4.497545
39,0.6581581,0.6470395,0.6628868,0.6203762,0.57255316,0.60672987,0.6924307,0.7945922,0.7963526,0.7506231,0.75146276,0.71835166,3.5956666e-05,0.000151438,0.00090288377,0.0185433,0.18722774,0.46806818,0.36791942,0.10562218,0.036057875,0.039931227,0.20061512,0.44763663,0.3099272,0.14869495,0.18615915,0.45363525,1.1521915,1.3957629,0.86826396,0.7967615,0.7673237,0.5736433,0.34230784,0.22479028,0.23377609,0.08812105,0.037178885,0.036682185,0.020887401,0.013787047,0.008821289,0.009631006,0.017175002,0.020775419,0.008378075,0.006384704,0.010988705,0.010790452,0.009324776,0.012413669,0.016030729,0.015852649,0.014727024,0.012420126,0.01238837,0.02575728,0.041682605,0.038651202,0.039263204,0.029005874,0.048139498,0.08846039,0.045365397,0.042807333,0.039990187,0.039201673,0.053105954,0.06647259,0.05997895,0.05598915,0.05561017,0.036173373,0.035489567,0.029012928,0.024212077,0.019378597,0.019467575,0.014463535,0.010136136,0.0057257605,0.0042190617,0.0026357034,0.0014979634,0.0016219127,0.0018200568,0.0022748914,0.0028196385,0.004157758,0.006113,0.0074703884,0.005270929,0.00749882,0.008867979,0.0067325844,0.005688045,0.00786835,0.0044608824,0.0069027776,0.0049755434,0.00358544,0.0034574547,0.0034616105,0.0024734885,0.0011284082,0.0006995769,0.0013964932,0.0014022347,0.0024888597,0.0036671257,0.0047362954,0.0020256608,0.0016803087,0.0011007886,0.00089373445,0.00033560806,0.0007482995,0.0010620168,0.0026001863,0.0028546455,0.002827126,0.0021757195,0.0011655926,0.0014402547,0.0014300315,0.00045670394,0.0005319163,0.00057117664,0.0021834301,0.0022366673,0.0052916477,0.0052239937,0.0054516424,0.0046465104,0.0019863404,0.0006785522,0.0005759538,0.00051692233,0.0006138003,-530.74445,102.52435,-10.67518,18.981028,2.8924468,20.909088,-3.4261982,-10.6533575,-3.8044786,-19.491219,-16.677341,-3.6125975,-8.797996,-9.017962,-4.280396,-1.6830118,1.5073406,2.1472692,-2.4230163,-2.7638917,0.6753877,-2.1379864,-2.9639726,-3.4909482,-6.0874577,-2.7950637,-5.2142367,-5.3244023,-3.7191741,-6.255183,-4.264901,-1.421776,-4.167899,-3.9909654,-0.6368065,-1.953953,-4.4460115,-2.881745,-3.1480622,-4.0724297
40,0.54961157,0.5393635,0.60954154,0.62025255,0.60212016,0.62555283,0.7086142,0.76570386,0.7280158,0.6958297,0.66983765,0.58096856,0.37068677,0.4516165,0.13641605,0.034518667,0.102573544,0.77366406,3.867646,7.2592115,6.123377,1.6044124,0.3532538,0.6611419,1.2356458,2.2626092,5.0945587,14.050054,29.024664,23.265326,11.186551,11.374653,9.7164955,9.8532505,6.7525983,3.485412,2.8588278,1.8363771,1.3096287,1.0149621,0.31369475,0.06284431,0.03982597,0.07787149,0.20475487,0.1830972,0.27189475,1.0202863,1.6019377,0.59127414,0.17495029,0.32517174,0.5034052,0.40262172,0.30685607,0.47801036,1.3014627,1.5554254,0.6726047,0.48108855,0.99452156,0.99637794,0.6988848,1.1270578,0.99170417,0.7491368,0.60171807,0.51405954,0.70228803,0.80960935,0.48645353,0.42985556,0.38323504,0.4658583,0.34831807,0.19094086,0.16559604,0.18887869,0.317152,0.21312094,0.18727571,0.12847084,0.1261112,0.053921606,0.052534934,0.06590451,0.09433404,0.1496504,0.23460072,0.24371187,0.26330686,0.4038506,0.30402896,0.23734301,0.2559787,0.21540006,0.12221455,0.12065485,0.12501727,0.122694515,0.13009675,0.13171986,0.07772906,0.07123537,0.047867637,0.039878756,0.057723,0.06984225,0.10617265,0.0853201,0.09225418,0.049022432,0.02098013,0.017949479,0.018255644,0.017691929,0.011670741,0.019173898,0.026813274,0.034272116,0.02797681,0.015910454,0.0070719747,0.0062711877,0.005549845,0.0052081286,0.008860443,0.013777037,0.02467252,0.021455724,0.02571283,0.038581543,0.031677924,0.021677222,0.013597753,0.0059455107,0.005844368,0.00415756,0.0017546177,0.0031712733,-351.59573,97.5983,-37.036736,12.748218,4.4278946,10.509651,-7.8631544,-10.545485,-5.319081,-23.178583,-22.396914,-5.1067734,-9.638785,-10.697798,-3.4401615,-6.021088,0.24768466,5.6570516,-5.0967255,-8.632835,0.99763036,-3.009682,-6.246076,-4.5570507,-9.827321,-4.6967487,-2.6934798,-7.6775846,-4.819317,-2.92628,-4.8386636,-2.092872,-4.4677606,-8.390097,-1.9464706,-2.1905367,-4.412774,-2.0620582,-1.0420495,1.2893459
41,0.53438747,0.56760424,0.59784687,0.5696406,0.5680248,0.60572696,0.7003488,0.69112486,0.6357183,0.66091794,0.72566456,0.6391826,0.0003653397,0.00039340628,0.000998714,0.028706959,0.23612258,0.68308604,1.4098767,1.5917504,0.8100882,0.24929473,0.39795607,1.2486085,2.5097868,1.6517812,2.6101992,5.544563,5.925659,4.047945,5.5019913,4.9716544,2.535972,2.6576443,2.6816406,1.6873536,0.7338678,0.31554246,0.07659778,0.023614194,0.020754589,0.027394067,0.06410152,0.18140845,0.28938374,0.15494841,0.062122233,0.09924733,0.07971913,0.067612864,0.07338345,0.1123748,0.26157337,0.26123554,0.1500828,0.12218301,0.12832364,0.07926833,0.10099357,0.21340401,0.24271548,0.15091552,0.12926267,0.13848758,0.18007167,0.3638425,0.41551334,0.23062737,0.19205086,0.24317123,0.31086308,0.38891736,0.27301618,0.19215785,0.12467912,0.064858854,0.08918762,0.10018844,0.13642035,0.19954617,0.2467132,0.14466546,0.11601835,0.077609695,0.027687093,0.01505377,0.014177619,0.018570406,0.028602036,0.028939405,0.033734005,0.060067493,0.052297153,0.09961849,0.100279704,0.0690359,0.05931078,0.056666814,0.076681204,0.100478664,0.059868637,0.024689432,0.016872734,0.021090282,0.021832826,0.015814768,0.0062897676,0.012838778,0.022167161,0.025887717,0.022141421,0.017888978,0.0074163605,0.0087425215,0.0047649033,0.00089484715,0.0014478589,0.0037870065,0.0070803794,0.009134926,0.0074647935,0.004193043,0.0034593835,0.002618338,0.0021230122,0.0019299765,0.0017211504,0.0026001334,0.0026667027,0.005033303,0.0074496986,0.010356795,0.019583628,0.009669129,0.003715009,0.0013824507,0.0009159175,0.0005831253,0.001189328,0.001419508,-412.59418,112.64982,-23.18512,22.76361,6.2298136,16.780325,-10.28749,-14.1661415,-5.9206614,-24.856054,-20.867277,-7.5473785,-11.588348,-10.886099,-6.0021367,-5.1130595,1.7810603,4.337657,-5.238863,-6.628708,1.1699824,-4.60267,-5.644869,-3.7595937,-8.469614,-2.104883,-6.5548024,-9.1656475,-2.7727933,-6.5728297,-3.897688,1.0405145,-4.1707883,-5.305357,-0.61046594,-1.7494549,-4.8486967,-4.881631,-3.4071667,-2.8526778
42,0.58740413,0.5709659,0.58250785,0.6064041,0.63428575,0.64466983,0.68871725,0.72568005,0.6807502,0.6327138,0.68243456,0.6537728,0.00012480648,0.00016958773,0.0032353615,0.04442844,0.1916284,1.1881381,4.191166,3.644125,1.0146568,0.14918485,0.11282847,0.51527673,2.1830032,6.4382267,8.0649185,4.723256,3.011079,1.5934108,0.74519014,1.3867418,2.6529443,3.805919,3.504786,1.6330696,0.25237226,0.11600356,0.19756699,0.27297327,0.27662516,0.19371232,0.14856285,0.14322257,0.06953431,0.07434297,0.07007652,0.059161205,0.14074297,0.13518856,0.06491261,0.059496682,0.13872306,0.19393459,0.16983224,0.1236164,0.060706336,0.10028896,0.50119287,0.72286755,0.50098294,0.30808643,0.3038061,0.2487282,0.17732793,0.22642,0.15982212,0.16381507,0.30178693,0.44791982,0.2949998,0.38151288,0.6363636,0.49239886,0.43106553,0.3071626,0.34204254,0.17258158,0.20381124,0.3212561,0.29257503,0.083763294,0.10932359,0.11328854,0.042284764,0.016933182,0.027179541,0.042365704,0.024145117,0.0435443,0.07432379,0.078240395,0.07960931,0.11123609,0.076217175,0.038478747,0.017654516,0.024270527,0.035454217,0.029832415,0.028821742,0.02012421,0.027067857,0.027171593,0.022746814,0.013475631,0.008493164,0.014625736,0.0242986,0.02475743,0.019924933,0.017235702,0.010330777,0.006612845,0.0033759014,0.0017566232,0.002314387,0.0032070067,0.008240276,0.010631292,0.009284078,0.015177124,0.012667181,0.005286315,0.004397745,0.0030358122,0.0025169682,0.004318308,0.012051838,0.023844155,0.013811723,0.025065955,0.045040052,0.038028676,0.045725968,0.015530694,0.006737194,0.0033372077,0.010504832,0.0066690883,-394.92862,106.7527,-21.231148,18.122711,-2.235333,16.35921,-5.7918663,-9.760155,-6.4957576,-23.874802,-16.134336,-4.169614,-10.866396,-10.456447,-5.147949,-4.392541,0.16745982,1.4197321,-5.0633826,-5.964039,-1.746148,-4.2230773,-4.9908314,-4.854741,-7.9836726,-3.3966553,-6.0925117,-6.9765186,-4.55072,-6.3970003,-3.1099446,-2.1453497,-4.9484596,-3.6391277,-1.7616959,-3.8899004,-7.317532,-5.237141,-1.7994136,-5.613725
43,0.5799993,0.585499,0.6458958,0.6560281,0.5808141,0.52547836,0.58717906,0.6790635,0.6620113,0.6784905,0.7813418,0.6992869,9.096738e-05,0.00019989867,0.0049301772,0.16559972,0.91897666,2.143907,2.5568793,1.2857623,0.32755038,0.13525592,0.48430067,1.586412,4.058309,4.573202,4.032102,7.10192,5.992013,1.726226,2.280413,6.4493194,5.4251866,2.0479767,0.3989079,0.12516804,0.06092915,0.054341078,0.07274815,0.05220699,0.016162852,0.00582139,0.0058712563,0.015100537,0.09255554,0.16140957,0.06991857,0.04443367,0.0151997935,0.005767364,0.010102718,0.08607467,0.34652367,0.5165576,0.24604654,0.04969411,0.032505568,0.08142551,0.23624966,0.20002457,0.07583069,0.038491216,0.049825434,0.12681262,0.1117186,0.062046297,0.04480173,0.056661606,0.07659487,0.13079908,0.10110334,0.120110996,0.16507968,0.20271097,0.106474556,0.0693871,0.1277591,0.17784542,0.13445881,0.068972535,0.031593036,0.021799413,0.025113566,0.0126422,0.010802377,0.010284596,0.010052019,0.016168647,0.014886286,0.025794383,0.025641296,0.052027836,0.072406225,0.06355211,0.038713068,0.024328558,0.017732508,0.02604821,0.028668633,0.034831073,0.028591346,0.019070838,0.011950808,0.013188297,0.018570378,0.01260406,0.0047560423,0.008750426,0.029015567,0.028424134,0.01886528,0.0110423565,0.010045502,0.012498683,0.0075156423,0.0050473837,0.0041388767,0.014142407,0.02411964,0.04901055,0.017717816,0.012242191,0.010126068,0.008255697,0.019094113,0.014193815,0.015108387,0.014694745,0.0349478,0.05070957,0.06639865,0.14590205,0.064827725,0.06348873,0.06532705,0.017181806,0.003140421,0.0041813124,0.0148599185,0.00852559,-402.447,97.61231,-15.170313,18.738361,6.2760186,16.868494,-5.6586328,-7.586495,-7.504261,-23.014536,-16.129549,-9.033007,-11.224069,-10.307122,-7.3308253,-2.9185016,0.100666344,3.1817257,-3.7175913,-7.5042515,-0.90967673,-3.015272,-3.9116502,-4.2202735,-8.911388,-3.4941423,-5.2088203,-8.082851,-3.681654,-5.5263705,-4.3616095,-0.17526652,-2.9772706,-4.121176,-1.3433456,-2.5673437,-5.979596,-4.4485626,-2.9736068,-4.7758403
44,0.6645329,0.5834192,0.60024434,0.62383986,0.5949138,0.56123763,0.60043454,0.6687218,0.6721198,0.6298967,0.6858776,0.7870401,8.629683e-05,0.0005162518,0.00953702,0.0512493,0.157033,0.20908855,0.122994825,0.15862866,0.20231804,0.17337051,0.29075456,1.1094265,1.6736679,0.58331704,0.34527636,0.75545436,1.2977808,1.6888071,3.7174377,5.9948535,3.8311515,1.6441531,0.8414955,0.5351019,0.47502318,0.5242912,0.30341163,0.26529106,0.6425948,0.48281303,0.15675822,0.09096437,0.06562476,0.13107139,0.25875148,0.20882842,0.11281373,0.046078667,0.043722633,0.32138985,0.6796886,0.39819902,0.080066875,0.043260295,0.2542309,0.9939324,1.0506761,0.4584918,0.18091135,0.3265899,0.78230715,0.8716704,0.2524043,0.2061149,0.35863656,0.3196704,0.15363245,0.54527825,0.3470159,0.15948789,0.15424506,0.06932957,0.039076306,0.0357266,0.032573536,0.059654266,0.04739452,0.04182288,0.035661016,0.037561554,0.05622252,0.07734763,0.11409392,0.047093928,0.057620823,0.020698741,0.016505407,0.016889066,0.01733223,0.032038238,0.020547103,0.044179182,0.03029267,0.018815525,0.01407934,0.028619176,0.029153252,0.039804824,0.01775594,0.020252584,0.016462259,0.020745754,0.011820205,0.0066403886,0.0020146545,0.0024675664,0.0064866296,0.0072436044,0.005496251,0.004089299,0.003028362,0.0024622865,0.0014381277,0.00034951622,0.00016788724,0.00036601242,0.0009911088,0.0017479201,0.002193069,0.001685021,0.003111477,0.0036870646,0.0023479874,0.0022073227,0.0028079764,0.002193257,0.0011820213,0.0017821536,0.0014446176,0.004275969,0.006107006,0.0048746145,0.0024868294,0.0028377122,0.0019011573,0.0005555397,0.0009913517,0.00064371177,-467.50247,112.0045,-8.612863,9.968707,9.627536,12.588801,-11.559253,-9.087666,-10.800378,-19.530504,-14.700787,-8.272027,-5.918398,-6.9262047,-4.7045836,-1.5072006,1.9407547,1.3940424,-2.7736428,-0.88489336,0.96983457,-1.7414412,-2.5430648,-3.836692,-3.4416652,-2.3215919,-6.209461,-3.5523303,-1.2283478,-4.248707,-2.1273704,0.1351022,-2.957149,-2.3279626,-0.06167875,-1.5874562,-3.0967464,-2.38242,-1.8010266,-2.7206368
45,0.66995203,0.62006927,0.6255345,0.60859615,0.6027087,0.6130891,0.6920094,0.69349384,0.65237176,0.68163604,0.7845684,0.753494,0.00010013249,0.0011094006,0.008259484,0.024599718,0.053688917,0.10544004,0.2593224,0.22889034,0.08043612,0.069670044,0.10022886,0.1233782,0.16617794,0.4338007,1.0838026,1.270409,1.0427998,0.74072653,1.0519668,1.6185167,0.9479793,0.8578368,0.8520713,0.43194574,0.25116614,0.20021772,0.112443544,0.11364423,0.18065201,0.15710704,0.17704679,0.23843135,0.17643304,0.12285125,0.045427073,0.03119019,0.06252013,0.0450792,0.018295115,0.01503967,0.033909842,0.041478977,0.044480097,0.0653612,0.087807775,0.14216562,0.29203576,0.41261438,0.35080504,0.20097354,0.1626825,0.10587005,0.048574887,0.06994777,0.093681976,0.066835135,0.052985493,0.06445373,0.0612425,0.064927734,0.035216056,0.03220166,0.022685198,0.021321487,0.029293194,0.027374588,0.024008833,0.015783101,0.01943597,0.020641461,0.02259458,0.02491624,0.0679753,0.067172445,0.022320593,0.031569183,0.042189028,0.023379102,0.023070956,0.024859767,0.015518257,0.018780869,0.018343087,0.008966359,0.00768868,0.013769816,0.019965872,0.05571696,0.024420487,0.011753248,0.0069498927,0.006398738,0.006320322,0.0031785269,0.002450167,0.0034408013,0.012727986,0.016071567,0.019840594,0.015271931,0.010879155,0.008600074,0.0024103895,0.00085541134,0.0009927745,0.00053029874,0.00034859456,0.0011847366,0.0017277078,0.0038745655,0.008128937,0.007876445,0.0064445185,0.008175626,0.0048020007,0.0025177817,0.0040832097,0.0028676903,0.0017584088,0.0025497037,0.0035256003,0.005141259,0.0038518934,0.00238465,0.002278304,0.00083060376,0.00030886318,0.00033638958,-505.45282,102.93569,-8.98465,23.099737,7.945515,18.404696,-10.596506,-10.36954,-11.627382,-17.434978,-13.498082,-9.483988,-4.4841676,-4.623728,-2.8084853,-1.6170421,0.8774033,2.2786376,-1.5811243,-0.60656816,-0.43368387,-1.5261128,-2.2182884,-4.200895,-3.991461,-2.669732,-7.1417966,-3.457484,-1.2898335,-5.1657887,0.24018034,0.40201217,-3.4777703,-0.74568504,-0.19576515,-2.1611505,-2.8207576,-2.0914226,-2.1795325,-2.2156837
46,0.5843357,0.5783098,0.6132071,0.6070549,0.6016846,0.572487,0.6316244,0.6937529,0.7378841,0.7315653,0.7495872,0.6825889,8.9144785e-05,0.002173715,0.018664867,0.054666106,0.06461857,0.08841937,0.20756292,0.20411417,0.2410188,0.1939417,0.14278077,0.20697884,0.31929222,0.50323457,0.51601654,0.47636765,0.7043821,0.99465305,1.6951178,1.7513525,1.055952,0.80342364,0.51250976,0.2933114,0.18905753,0.14285578,0.11969983,0.11765182,0.08837681,0.07595386,0.09530709,0.08719068,0.073166,0.05590378,0.018215736,0.022341074,0.039820854,0.023674697,0.009579416,0.011832586,0.025022948,0.028004004,0.027936125,0.036590442,0.045099787,0.068032004,0.0918713,0.10452989,0.13721305,0.13555156,0.107289456,0.10204657,0.05938466,0.05901643,0.05352307,0.07553931,0.04613014,0.035632126,0.05712522,0.047135457,0.025291076,0.028747022,0.024022082,0.03265114,0.021129644,0.027991138,0.04549004,0.017901193,0.016066346,0.0077762716,0.011645768,0.009773715,0.0039798087,0.0038200698,0.0042124786,0.007407438,0.009278076,0.011557046,0.011616859,0.011668478,0.010601137,0.012070423,0.015755735,0.008154843,0.0043500853,0.005312564,0.005572633,0.0060667587,0.0038898326,0.0028753264,0.004473006,0.0048477133,0.0067048664,0.0056915507,0.002470863,0.004057203,0.0057407334,0.005441696,0.007992257,0.007897284,0.004147734,0.0023587788,0.0016880702,0.0009049507,0.0007816275,0.001268613,0.0028070998,0.005752007,0.0073982766,0.0055598724,0.0052938843,0.005903288,0.005409022,0.0064838836,0.0044766837,0.0031699494,0.009262986,0.009394236,0.010290028,0.01009697,0.015569237,0.031809956,0.018045515,0.013385534,0.013033259,0.005882057,0.0064766086,0.0052439086,-461.9491,107.328766,-15.460377,33.094437,4.8922167,19.899084,-5.142647,-10.383671,-11.764332,-19.079082,-14.240138,-8.483585,-7.1730776,-4.7060633,-3.8226025,-1.4211016,2.290645,2.4554553,-3.4353187,-2.1173277,-0.59952766,-0.3754198,-2.0691206,-6.2601404,-5.5311,-1.083297,-5.7690396,-5.481396,-1.8951267,-4.516558,-2.091635,0.9746973,-3.7879713,-2.7637527,-0.43636,-1.8431231,-3.935399,-2.259829,-1.988622,-3.462012
47,0.5326839,0.53675604,0.53499,0.53454924,0.5206754,0.5792729,0.67541844,0.68544674,0.67243856,0.7233831,0.82581717,0.6875655,8.426652e-05,0.002035638,0.01851379,0.06864659,0.122051485,0.109654725,0.13004787,0.15910608,0.15606214,0.15865359,0.16723046,0.21929593,0.31236586,0.34708714,0.5712122,1.1262885,1.4402881,1.0893769,1.4521521,2.4036868,1.6032028,1.0479507,0.34720367,0.14053603,0.08381779,0.049106758,0.03910353,0.036410064,0.039769623,0.04506234,0.06425771,0.07447294,0.05645717,0.031462315,0.012603276,0.015488845,0.028427968,0.016436813,0.0063819773,0.008714914,0.016436605,0.023274282,0.035198487,0.03409878,0.045733564,0.07520398,0.080597624,0.07639685,0.06726463,0.054383863,0.04944149,0.0570344,0.033533946,0.031101787,0.020646999,0.01576398,0.014940813,0.02430063,0.031527657,0.030630458,0.0147794355,0.020222807,0.017135108,0.01909941,0.021218264,0.018708106,0.03122187,0.039026733,0.030444147,0.010098055,0.009258465,0.005742415,0.0021984675,0.0013868696,0.0016315883,0.0031450894,0.0040685856,0.0049174516,0.004073333,0.004675749,0.008643076,0.010190882,0.009298735,0.007334736,0.0048320196,0.0044082557,0.005702186,0.0048002354,0.002875115,0.0021378496,0.00284782,0.0029081162,0.0021778413,0.001617154,0.0013004205,0.002250621,0.005989993,0.0054852916,0.0058974135,0.0048183147,0.0030270028,0.0026838554,0.001313265,0.00062618736,0.0008204606,0.00079255423,0.0022347663,0.0044877166,0.0033953763,0.0041481396,0.004029141,0.0046224263,0.005716369,0.006042018,0.006614518,0.004852902,0.017090473,0.016599646,0.0129181165,0.011955178,0.021171236,0.053088743,0.015971497,0.011910892,0.009923933,0.004796291,0.0036848981,0.0032789893,-466.989,114.9866,-3.4591577,34.39104,0.7032321,22.314457,-4.6316047,-11.853361,-12.043799,-20.067726,-16.396526,-9.070772,-6.4833064,-7.603049,-4.695695,-0.52077544,1.6552615,3.8477376,-4.081587,-3.1723497,2.3896136,-0.2756831,-3.086537,-4.388648,-5.6535606,-2.479679,-6.895791,-6.644492,-2.939438,-6.0580673,-2.4688907,1.2269737,-3.407773,-2.6113296,0.36915413,-0.6865308,-3.4303844,-3.2429674,-2.5981123,-3.3882902
48,0.6736289,0.60583484,0.5935313,0.56681377,0.54577833,0.5287531,0.5694548,0.60154164,0.5880571,0.5931125,0.75283533,0.8066484,0.00012528518,0.0003957177,0.005599759,0.083526805,0.26829547,0.3721543,0.56000894,0.55316013,0.37721172,0.48742235,0.4113326,0.76950806,1.8909419,1.6835911,1.2614515,1.1639485,1.0894954,0.9766647,5.957679,14.964521,9.617996,3.7111852,2.613035,2.066467,1.5892026,0.9144818,0.2580416,0.2002565,0.16460687,0.2270243,1.0544108,1.4142305,1.6338966,2.640912,1.2146457,0.10037669,0.14824045,0.43240103,0.95790553,0.85341734,0.6864913,1.2499197,1.4574367,0.8704721,0.48055357,1.3471892,2.087689,1.5964141,1.8967017,1.6114748,0.8125721,0.3361604,0.2852499,0.17993957,0.14444971,0.24711253,0.2464273,0.26307803,0.221383,0.22000593,0.18464814,0.1426195,0.13323869,0.15019354,0.22095442,0.21605405,0.24275157,0.24788141,0.19878553,0.2650233,0.2578228,0.21248735,0.088682786,0.0700847,0.053143695,0.047575347,0.055345226,0.06242116,0.08222676,0.09478168,0.10805462,0.07755499,0.070874795,0.03886041,0.023444487,0.032500736,0.03833014,0.04655462,0.07002523,0.039063238,0.028863717,0.028777203,0.036716003,0.009582166,0.0073642335,0.012959337,0.020570356,0.017439134,0.01882143,0.025628118,0.030820845,0.017733008,0.0040952265,0.0051047616,0.004915273,0.0019902985,0.0017162721,0.0019917653,0.005538528,0.020817874,0.032987177,0.051778354,0.036268536,0.07274442,0.09012749,0.09842452,0.029535303,0.017255874,0.019511089,0.038323358,0.035979334,0.03392772,0.025624506,0.012981715,0.004392696,0.0018132471,0.0018083047,0.0022322747,-385.2541,114.65597,-20.60952,10.897376,2.4792397,14.799301,-13.516673,-16.870388,-11.427921,-18.438944,-16.384304,-9.044079,-6.164293,-8.115143,-4.325506,-0.7613294,0.246501,0.65613353,-2.9935975,-2.4988878,0.91275585,-2.7992473,-5.0328755,-6.465498,-5.6917243,-3.1571798,-8.996586,-4.557614,-2.8292058,-5.6082525,0.49527922,-1.5283937,-5.0111685,-1.5027587,-1.19898,-2.0562587,-3.5234654,-4.1027822,-3.5472703,-3.7926598
49,0.6805295,0.6132061,0.6179757,0.6153521,0.62888014,0.62175226,0.6604062,0.7300407,0.7372848,0.6965632,0.7251598,0.78779995,9.576558e-05,0.0010012524,0.015827827,0.09270539,0.20025602,0.2851719,0.51052445,0.42789915,0.25601223,0.15482277,0.15553476,0.25596368,0.54129034,0.90449995,1.138449,1.5158881,1.4927722,0.8553442,0.7674562,1.203717,1.2769134,1.0995761,0.8852716,0.3461174,0.16323791,0.10060244,0.06943107,0.10597815,0.15067212,0.09792301,0.04750371,0.07665939,0.16778907,0.20722288,0.07304921,0.027842049,0.05177675,0.034160122,0.018484311,0.036449675,0.073274,0.05627389,0.044349857,0.05222806,0.06639965,0.09617457,0.116479084,0.14861907,0.1350738,0.072011374,0.112543546,0.21673805,0.0811937,0.09969155,0.10751124,0.10629463,0.09580672,0.18114237,0.14260656,0.14598905,0.11272443,0.07015335,0.10030938,0.07755049,0.09157291,0.09557618,0.072889805,0.061648946,0.09101819,0.10819181,0.1542755,0.050810352,0.017230475,0.013791216,0.012534131,0.019417837,0.024577511,0.022141842,0.023836942,0.025730614,0.027720522,0.026051749,0.021976784,0.017624795,0.012520535,0.023294237,0.02730794,0.034958325,0.021609113,0.011492155,0.0078005386,0.00894787,0.00793609,0.005599773,0.002834902,0.008207565,0.021259876,0.026335794,0.023950424,0.014464755,0.0059115477,0.0039221924,0.002693233,0.0009259725,0.002780732,0.0059179,0.0043115052,0.0071932185,0.0074515236,0.012232292,0.008896573,0.005016366,0.006438132,0.00469738,0.0028852653,0.005282853,0.00777807,0.0096892305,0.019564945,0.025364842,0.027105577,0.015636778,0.0101843495,0.0052004494,0.0022645004,0.0019640462,0.0033696385,0.0030409296,-462.74973,102.54394,-21.953323,27.277199,-3.2080815,18.485924,-7.112277,-6.385066,-8.263528,-18.399218,-13.270719,-9.024074,-5.1676607,-5.523803,-5.174299,-1.7272147,2.5953178,1.2430509,-3.4087746,-1.2629896,0.23266394,-2.9256945,-3.4259193,-4.3188157,-4.8112736,-1.7272089,-8.180594,-6.3842335,-0.723851,-5.185483,-4.162747,0.14096418,-2.1540365,-3.8327186,-0.7214913,-0.33670136,-4.1536965,-3.2821636,-2.1530838,-3.5686152
50,0.6248501,0.5954266,0.58685493,0.516955,0.516501,0.53231686,0.6162506,0.6835414,0.7187761,0.70266366,0.7313008,0.71288735,2.433328e-05,0.0007856257,0.016570004,0.12499765,0.32230476,0.28711793,0.15287144,0.33032745,0.56566143,0.4909466,0.55381054,0.7963695,0.97796655,0.706262,0.8945689,2.023115,3.6750293,2.7956064,1.7715228,2.4920993,4.6872563,6.2665687,3.0806575,1.5682905,0.87520933,0.40820104,0.25530753,0.30482134,0.23504055,0.27814525,0.68001115,0.62480116,0.3277534,0.29970804,0.15545286,0.20500687,0.44670203,0.37690148,0.14605069,0.15311313,0.31488362,0.48043087,0.6489,0.811617,0.5477427,0.5893394,1.160266,1.4232306,1.518432,1.2462786,0.44629717,0.29756752,0.29156497,0.3708792,0.20214364,0.16572429,0.22053188,0.14316604,0.1975151,0.29935077,0.10564029,0.15048401,0.18866435,0.1125648,0.2180212,0.21958525,0.28349632,0.3172703,0.12631293,0.06519528,0.040903978,0.03340502,0.022014981,0.019282026,0.019106034,0.027088312,0.020904783,0.018932024,0.014087395,0.02929099,0.03624682,0.06570852,0.06027638,0.04251382,0.039357938,0.099549286,0.10239551,0.08320203,0.054770052,0.06639627,0.032740008,0.024174592,0.014663992,0.009490947,0.0059385006,0.009600984,0.022207169,0.027853135,0.019902823,0.00950239,0.009925195,0.007380774,0.0036105574,0.0016690807,0.0014111468,0.0016972971,0.003863753,0.006951258,0.007823708,0.009562147,0.014973048,0.015337316,0.017192945,0.022604631,0.019702824,0.016158637,0.018027516,0.020631567,0.026678048,0.035962485,0.060685594,0.055311866,0.05594823,0.053560175,0.03942487,0.02022172,0.014464134,0.010885024,-392.38232,106.666855,-27.878662,28.797281,-7.8354206,21.259418,-10.961862,-12.5059595,-10.484382,-23.191921,-18.60672,-9.858933,-7.341868,-8.749728,-5.5971684,0.20408168,3.2646697,1.8064849,-5.846825,-3.5704994,0.82536966,-2.1424363,-4.6933846,-5.1258802,-4.426346,-4.076844,-8.305104,-3.6685035,-1.678946,-6.3460727,-0.783249,1.775047,-4.400412,-3.4433067,-0.411514,-1.6743373,-3.657058,-3.4233718,-2.9492636,-4.5040665
51,0.6069465,0.5897051,0.5963953,0.6012593,0.59912866,0.58656424,0.6522984,0.7500096,0.7407316,0.74588114,0.7748104,0.70263904,8.1052734e-05,0.0021331368,0.023133045,0.09283521,0.12033545,0.09275332,0.20761622,0.26429263,0.25616914,0.13650401,0.12297522,0.21578223,0.51334524,0.5952288,0.3254917,0.6572925,1.6175978,2.1559072,3.1050873,5.2597804,3.875004,1.4339204,0.6487796,0.5130338,0.1863886,0.06977144,0.055249237,0.09231433,0.12585531,0.08326941,0.0690439,0.08765437,0.20939925,0.21830693,0.046319515,0.022875842,0.056547314,0.06412472,0.0354766,0.020230798,0.043529917,0.071375936,0.07960409,0.059103828,0.06843563,0.08550359,0.104028724,0.13274622,0.12425447,0.073473364,0.11479116,0.09263182,0.029726624,0.044615716,0.06468155,0.063879035,0.033179563,0.039672785,0.02604107,0.030556366,0.03242478,0.037955508,0.044540837,0.02211984,0.020127194,0.052251678,0.09162869,0.025007252,0.014607433,0.008034727,0.012881244,0.0073397574,0.00501887,0.0042023393,0.003984863,0.004767452,0.0069650654,0.0064995,0.008458376,0.010817827,0.015183379,0.015782585,0.012347871,0.009579545,0.007580161,0.008592612,0.0072482675,0.010968095,0.010257529,0.0058404994,0.0055203293,0.005198649,0.005517122,0.0030323938,0.002300983,0.00655763,0.0072481893,0.009803356,0.013425567,0.0070897858,0.008754586,0.008462374,0.0047071963,0.0018078482,0.0017554469,0.0009937842,0.0018061624,0.0034959458,0.0040959558,0.008559487,0.011984645,0.01151703,0.014497801,0.020067902,0.012135489,0.01030611,0.02260042,0.016896607,0.023803042,0.016168999,0.038928457,0.05175503,0.0349861,0.02737131,0.013625833,0.008006393,0.011033196,0.006200032,-458.41614,95.12915,-13.950837,22.69514,4.584144,13.457317,-7.1571016,-9.512859,-9.763055,-17.029385,-14.14022,-7.0006127,-6.9075456,-6.16223,-3.3505614,-0.77913976,2.9072516,4.087936,-3.2147374,-1.4846739,2.0704904,-0.5871571,-2.9565706,-4.388475,-4.50969,-2.8376303,-6.4286613,-4.5578303,-2.7685542,-5.7821693,-1.2122785,1.5256385,-3.4448445,-1.9908972,0.8308717,-1.242507,-3.3626428,-2.3630097,-1.7643094,-2.181488
52,0.69969314,0.612875,0.61381346,0.5726429,0.54622024,0.5350907,0.6097441,0.69761825,0.7167381,0.7116543,0.7428664,0.8052879,6.2636114e-05,0.0025614637,0.02398789,0.07452975,0.13675314,0.16382746,0.22414072,0.19819485,0.11554404,0.119545475,0.30521157,0.39074194,0.25169426,0.2330709,0.5714671,1.5316337,1.9244661,1.2722878,1.3635658,1.5026786,0.8258173,0.55065984,0.42512974,0.2122225,0.17859602,0.13017103,0.06007703,0.036199976,0.05695623,0.051185627,0.03558295,0.034809098,0.034739602,0.031366196,0.015319679,0.023299113,0.057491753,0.037131026,0.015305205,0.032941632,0.07714111,0.082992785,0.054214362,0.031397916,0.036458176,0.044874743,0.04925031,0.040599428,0.021847159,0.0148551185,0.012560366,0.011813424,0.010097482,0.014996996,0.01193447,0.018066403,0.025575453,0.040830594,0.04498745,0.03554094,0.031680573,0.036066104,0.032577805,0.029508715,0.020500079,0.016644824,0.017444465,0.017028779,0.011189528,0.015304882,0.023781355,0.018163603,0.010118091,0.0072522555,0.0053414083,0.006358723,0.0066618533,0.005532819,0.0037150406,0.0037247648,0.0050823833,0.0052879876,0.005732475,0.0041866824,0.0028495146,0.006997586,0.006926177,0.0065708584,0.0040134992,0.002727095,0.002805692,0.0021208916,0.0018874865,0.0020229379,0.0014823771,0.0030802023,0.0052921274,0.0045435233,0.0043016933,0.003920153,0.0032617669,0.0038729652,0.0023096914,0.00078457483,0.0003673433,0.0002560316,0.0010064016,0.0015526641,0.0028327515,0.0052480153,0.0045842296,0.003748062,0.002830838,0.0028405564,0.0015230954,0.0006848483,0.0014660252,0.0021039508,0.0055279504,0.006046684,0.018382415,0.019930776,0.013888591,0.012731908,0.007039609,0.0026544882,0.0031774705,0.002010985,-473.39676,116.497856,-0.38138118,32.156696,6.445318,16.77883,-8.572362,-10.378077,-9.811324,-21.103443,-11.730015,-8.4531975,-9.532126,-6.094191,-3.9620194,-2.7728443,1.7202153,4.506395,-2.0300906,-1.8521248,0.3705901,-2.1524649,-2.2357187,-4.6845193,-6.082389,-2.606286,-6.7294683,-5.1772313,-1.3495804,-5.8474536,-2.165749,0.8148701,-4.106595,-2.6286156,-0.18741482,-2.1628308,-3.980456,-3.2094219,-2.353537,-3.6011517
53,0.6395291,0.57730097,0.5604324,0.5505753,0.55653495,0.5487106,0.6128218,0.7296385,0.7750745,0.69455934,0.7350057,0.7538751,7.49225e-05,0.002680773,0.023502192,0.10288191,0.25227845,0.25899395,0.18073589,0.1336024,0.11696842,0.19629522,0.82455593,1.0603173,0.23150176,0.19694227,0.36964977,2.220846,6.424931,5.174444,1.53759,1.01983,0.71226364,0.5460039,0.45114654,0.3099429,0.19956243,0.067865744,0.026467662,0.041713256,0.120605566,0.1129107,0.04800292,0.020193916,0.03349662,0.07114257,0.038236387,0.014968729,0.015058498,0.007514921,0.007733022,0.010645602,0.014239477,0.015908437,0.03685237,0.07882169,0.06171786,0.03013523,0.03358913,0.08333546,0.11382585,0.07012002,0.053296432,0.07113997,0.055456735,0.06312678,0.032729402,0.07126836,0.0571969,0.06385004,0.10383419,0.054587997,0.036647864,0.039548863,0.030921353,0.044204783,0.03430624,0.02027536,0.014415529,0.016817646,0.016354805,0.036701016,0.07384566,0.038103133,0.017136369,0.010794238,0.0082991,0.014588887,0.011375744,0.008936389,0.007150996,0.005928739,0.0064897346,0.0067073586,0.0070937457,0.005990993,0.0051251682,0.0062124464,0.013428972,0.010716909,0.006023313,0.0048587997,0.0063535124,0.004760578,0.0032409355,0.0025288758,0.0015330417,0.0019566894,0.0058536977,0.009986461,0.0055009965,0.004134683,0.0047014602,0.004237844,0.0021209165,0.0008311614,0.00022006762,0.00032924404,0.00073071715,0.0012679792,0.0016583635,0.0016779532,0.0022258393,0.0024280418,0.0012448085,0.0008096965,0.00082008523,0.00042301,0.0005607317,0.0009182956,0.0018356661,0.0031924557,0.0034876221,0.005638128,0.005524962,0.0063322484,0.002488032,0.0006253649,0.0007431121,0.00082115235,-454.21692,103.35953,-2.6813934,22.945976,10.283691,16.200062,-5.657682,-10.683404,-11.762326,-21.055422,-11.84228,-10.143555,-8.890113,-6.7836967,-4.762077,-2.0105386,1.9219897,2.3524997,-2.642987,0.010750173,1.0681403,-1.9800346,-0.86409026,-3.8559103,-5.0221205,-2.5838223,-7.4426093,-4.394455,-1.0529193,-7.750056,-3.0822892,1.4497739,-3.9493256,-3.717358,-0.19501527,-2.5931888,-5.089014,-2.3005261,-1.8995246,-3.2109241
54,0.58671707,0.58259594,0.58737046,0.59127516,0.5702421,0.6077784,0.7110312,0.7541396,0.73976034,0.72888154,0.78275836,0.6746253,0.00020860527,0.0025384584,0.03074929,0.13810028,0.22442406,0.17538342,0.19819655,0.24504413,0.33420393,0.31176266,0.19235264,0.166532,0.34180564,0.4140517,0.42588875,0.5301322,0.70256793,0.6226684,0.5928154,0.8127311,0.5973819,0.41275534,0.38930747,0.24731222,0.20140265,0.12952474,0.06109964,0.09944784,0.16648401,0.15371987,0.11486698,0.060122617,0.030189065,0.025116375,0.019207766,0.03738548,0.045137946,0.023294425,0.015980404,0.030333234,0.06128572,0.07178896,0.0509002,0.053844247,0.13257395,0.22048466,0.25189322,0.24284613,0.3115785,0.23838748,0.17964445,0.13755016,0.07959493,0.08532347,0.06531663,0.034812488,0.026421383,0.0567969,0.05228973,0.04075616,0.03837702,0.022763945,0.018703151,0.023949943,0.02299,0.02977541,0.017025864,0.0133919325,0.012527301,0.013341581,0.008712371,0.0054258504,0.0036372766,0.0033616326,0.0058282004,0.0048480104,0.0054988433,0.0075019584,0.009459543,0.009431972,0.010259602,0.013017997,0.008762575,0.0050032428,0.003302001,0.0064744274,0.008636499,0.009315113,0.013555077,0.017123744,0.016169898,0.008518115,0.0073709358,0.0034362348,0.0016300034,0.0019853704,0.005247965,0.0079966225,0.0063569196,0.004503899,0.004191932,0.0042411885,0.0018443341,0.0008350246,0.0006836791,0.0013028247,0.0019491677,0.003098057,0.0028950097,0.004206822,0.0039359597,0.0031981943,0.0028961583,0.0030560733,0.003288269,0.002155487,0.009185634,0.012416879,0.016683685,0.022186747,0.023118254,0.022790637,0.015543141,0.009920401,0.0065601724,0.0027041542,0.0054516504,0.0038189697,-500.84064,114.38235,-5.75224,34.76118,4.4414496,28.451618,-5.1178446,-3.3864021,-9.339045,-21.600012,-10.072208,-7.407863,-8.543789,-5.4382796,-3.4762096,-0.5305056,1.8413129,3.0522625,-2.7862585,-2.9913027,2.2594063,-1.3360146,-3.2194612,-3.9354637,-6.4605365,-1.541417,-6.979077,-6.7004004,-2.0494692,-6.201624,-3.4590852,0.28168693,-3.8703268,-3.4846983,0.28580946,-0.47600332,-4.922731,-2.3417423,-0.8251472,-4.0944934
55,0.6068302,0.5504857,0.56788933,0.5654777,0.549439,0.59590745,0.70823467,0.7637864,0.7580199,0.7136457,0.733632,0.6931734,0.00022616467,0.0025539713,0.026481241,0.14716905,0.3177412,0.22714658,0.11562542,0.14584231,0.21039331,0.2851175,0.24546598,0.140624,0.24272619,0.36976847,0.48212442,0.9671289,1.0697906,0.7585311,0.68071973,0.83477145,0.7563648,0.6310257,0.418901,0.21789294,0.23742428,0.25779998,0.1555778,0.06877917,0.092218615,0.16796377,0.4234489,0.3672858,0.09704231,0.031881213,0.020469561,0.05669335,0.106763564,0.04417753,0.017843915,0.024275854,0.069479845,0.11787382,0.07388025,0.030462502,0.0445886,0.091587335,0.16591264,0.10934781,0.09985568,0.23744982,0.5503387,0.39474195,0.1061903,0.11355754,0.090292595,0.04638893,0.031714804,0.06807821,0.06285529,0.04291694,0.028269188,0.02776989,0.024325041,0.018459598,0.026394142,0.023881873,0.02817707,0.023339465,0.01876101,0.018428177,0.009247058,0.0061405413,0.00336519,0.003233161,0.0037110217,0.004878411,0.004090204,0.0067228978,0.007287343,0.017375082,0.01923782,0.021571767,0.01538169,0.010596625,0.0057281754,0.0084661655,0.011261083,0.012827273,0.0073425574,0.008699164,0.017915905,0.023209477,0.018091058,0.0089458,0.0020251723,0.0025090894,0.0072891936,0.007749509,0.006239953,0.005558103,0.0051936745,0.0058369925,0.0026508346,0.0014120096,0.0009658322,0.00062671566,0.00090078125,0.0018427048,0.0021918279,0.0030585623,0.0031284601,0.0024192024,0.0022804143,0.0029507896,0.002849928,0.0012141909,0.0031591589,0.004767763,0.010768787,0.009787691,0.027727371,0.034541182,0.045136187,0.026437344,0.010758554,0.0061795833,0.0061391536,0.004079542,-491.7335,118.066475,-11.066137,34.340286,2.0929937,26.036283,-6.81975,-5.8557734,-9.214997,-21.65854,-9.604503,-6.1193185,-6.1870694,-5.8409524,-4.734047,-1.3778552,2.8952792,3.8644295,-3.8463368,-2.1971045,2.5212765,-1.4617234,-2.1895878,-4.099313,-5.6973586,-0.8563493,-7.060146,-4.729622,-1.232848,-6.37496,-2.1248472,-0.21896055,-4.537923,-2.2311468,-0.12901165,-2.8629043,-4.4551606,-2.701282,-2.940973,-3.9009042
56,0.6617985,0.6683811,0.6368939,0.6293596,0.6192298,0.6503972,0.72504,0.7430684,0.73925084,0.75475144,0.77336514,0.7001131,0.0004293251,0.0009719514,0.02399842,0.17893493,0.32383844,0.20709777,0.23461328,0.29581463,0.31227845,0.24159276,0.27542007,0.48057663,0.5016093,0.64170027,1.0893432,1.9055371,1.8044763,1.3298365,2.8172927,5.252161,3.8965552,2.590759,2.9126153,2.5244513,1.0573791,0.49264163,0.19397908,0.21020222,0.17748289,0.099492066,0.059801348,0.06754462,0.1254673,0.134358,0.045062337,0.045759916,0.089272544,0.056959514,0.02380726,0.020271147,0.047408402,0.103337996,0.14077441,0.12919973,0.14227676,0.22039554,0.2184264,0.19510518,0.14817557,0.13201746,0.15229817,0.16642623,0.122766055,0.10137452,0.0946876,0.10523517,0.0857766,0.10628319,0.096786976,0.12686503,0.10247002,0.08775078,0.07730272,0.08321473,0.06513009,0.054262634,0.04417249,0.024043312,0.023395713,0.034532152,0.055127252,0.024470309,0.012716653,0.013896805,0.012696746,0.015418311,0.019830512,0.018512456,0.017276641,0.014767923,0.0118248835,0.010126292,0.009752602,0.0075874375,0.0043560565,0.008372184,0.009345487,0.009257364,0.007852914,0.0046556806,0.0036257217,0.0027529048,0.0035799935,0.0026214716,0.0015160855,0.0034574806,0.0048423614,0.0088306125,0.00803789,0.005577689,0.006315578,0.006135425,0.002015151,0.00029754327,0.0004004295,0.0005438471,0.0018958193,0.0032847973,0.0035168668,0.0035797746,0.006693226,0.0037547667,0.0017422016,0.0018048583,0.0008682394,0.0008333558,0.0033385667,0.006198062,0.009234266,0.010949704,0.01756203,0.022339584,0.014104906,0.003947847,0.002458601,0.0015575205,0.0011065995,0.0023879923,-439.5768,107.9844,-15.607308,14.147388,3.0410159,14.365441,-6.512594,-10.818135,-9.245313,-19.674845,-10.451665,-7.1120973,-6.0034084,-3.7741468,-2.2116668,0.06500048,-0.4250438,1.8282406,-2.2867029,-3.6591456,0.16434586,-2.6067383,-0.76666397,-1.9102994,-4.362002,0.03465625,-5.640318,-3.6199205,0.49287978,-6.4379706,-1.4309154,1.9244057,-3.4420342,-2.701415,0.1903408,-0.7251938,-3.522909,-1.1336101,-0.8346356,-2.470991
57,0.6276351,0.58887345,0.62052333,0.64376444,0.60624427,0.5989127,0.6563716,0.7050353,0.73968214,0.7376797,0.73791575,0.6786672,7.304045e-05,0.00078083546,0.012389793,0.12120459,0.39126512,0.4943756,0.5782789,0.42010438,0.20575747,0.24857788,0.39222786,0.68251604,0.89830565,0.8597312,0.6128994,0.83012956,1.1321255,1.1680368,2.5846179,5.283281,4.0121355,3.7016325,3.4882956,2.1441085,0.8831724,0.5033522,0.30960324,0.46108252,1.1199763,0.971526,0.32744348,0.11826676,0.08296404,0.08915807,0.10977894,0.55971956,1.1258326,0.72733593,0.2791227,0.10076959,0.09072383,0.1903607,0.8314231,1.4408777,0.8887205,0.4275719,0.21141464,0.2921732,1.2795813,2.4917128,1.9094204,1.3425047,0.3310859,0.23490033,0.27288657,0.46812946,0.37669155,0.3373879,0.2864073,0.27775568,0.30630943,0.20767225,0.115973406,0.1338786,0.14589421,0.08662959,0.05781994,0.037783682,0.046079356,0.03562491,0.022121636,0.026056252,0.020969553,0.019822443,0.022471054,0.029583376,0.03321269,0.04344734,0.07348299,0.09576682,0.1508791,0.13627695,0.07581698,0.038966917,0.03427205,0.03290077,0.029901838,0.03052547,0.033447664,0.022806754,0.0155047765,0.028044453,0.057638615,0.059145145,0.025797317,0.016233712,0.015646739,0.012112774,0.0121813,0.010462963,0.005788753,0.0048794034,0.0016920703,0.00049219746,0.0003691298,0.0011615845,0.003497747,0.006527862,0.011412954,0.00907869,0.0130672455,0.011132958,0.004186432,0.006764436,0.0042056763,0.0018279281,0.0042214547,0.005346588,0.008545477,0.022005219,0.042735815,0.060890276,0.039565917,0.014778427,0.0046553076,0.0045837057,0.005387795,0.0019332344,-427.97913,104.87541,-25.820837,16.688023,3.3307464,13.934609,-5.6211014,-9.064576,-6.459734,-22.112272,-15.978996,-3.3855317,-6.4785533,-6.5570126,-3.227275,-4.119479,2.0920033,2.7779021,-3.4398952,-4.186376,-2.4737825,-3.0983973,-2.426094,-5.7911057,-7.453447,0.26599172,-7.7637935,-7.3782363,0.72312987,-5.5595546,-4.224577,-0.7522368,-3.5635488,-2.951783,-1.1182066,-2.4892411,-4.19912,-3.009953,-3.3851123,-4.7692475
58,0.6252894,0.6181456,0.60123765,0.5782061,0.52434576,0.49179244,0.59037614,0.7090035,0.73902345,0.74048156,0.78213245,0.7116264,7.176725e-05,0.00064549997,0.016687935,0.14287598,0.49998975,0.6256391,0.35268575,0.17280161,0.15059681,0.16974281,0.59106255,1.018511,0.994935,0.9067479,0.31902313,0.42490843,0.8376879,1.2056704,1.9336202,4.523983,3.9140368,1.5394105,1.1855619,0.79038453,0.41816008,0.26202455,0.33742657,0.4788751,0.2272437,0.04848485,0.050799713,0.075757556,0.15264414,0.21216299,0.12888107,0.045078315,0.04212432,0.040382333,0.044952802,0.1055187,0.37394905,0.56197804,0.29486582,0.10603192,0.15448157,0.23509325,0.49946833,0.97835016,0.8205977,0.26335788,0.2466652,0.2695161,0.23294762,0.2988758,0.11965982,0.04767997,0.06649471,0.18268557,0.102703065,0.058958128,0.043266516,0.04929796,0.052292556,0.04757578,0.04225773,0.042069238,0.063057154,0.05746049,0.024730159,0.018090772,0.02694217,0.017785694,0.008184323,0.008517377,0.0066839634,0.0052710283,0.008165725,0.009671308,0.012717025,0.022930894,0.038369313,0.055725943,0.07674049,0.031924967,0.02935964,0.028810667,0.029929614,0.028010963,0.011196949,0.017235124,0.010691059,0.016046446,0.031053284,0.0553908,0.024084678,0.012209476,0.013118589,0.01250664,0.012474933,0.0064090923,0.0030182917,0.0026145608,0.0030459857,0.0013984047,0.0040943627,0.012521396,0.006379889,0.0069014956,0.008810823,0.008371957,0.004596223,0.0033144928,0.0033062922,0.0016592261,0.0013822089,0.0038313232,0.008403123,0.02049263,0.02117257,0.028383384,0.035432287,0.017612804,0.017493477,0.010297322,0.0028327464,0.008385887,0.009505216,0.0025821466,-445.19775,112.458916,-18.859848,28.25723,3.1680813,21.314371,-7.2620783,-7.979155,-7.5949793,-25.787928,-14.85654,-8.328411,-11.453754,-4.6226296,-4.451986,-2.3852649,3.1205306,2.1503587,-4.5781875,-3.618143,0.99652606,-2.719539,-3.3763075,-6.478309,-7.9232535,1.2769971,-8.398441,-8.766772,-0.23351501,-5.073202,-4.3654413,-0.08103071,-2.3130717,-4.8026533,-2.2083056,-0.9078571,-5.626732,-4.165748,-2.6908228,-4.674593
59,0.6471649,0.6182784,0.6007123,0.54065096,0.49379602,0.5048459,0.6271431,0.69227207,0.7095661,0.731425,0.80623156,0.73647934,0.00012336085,0.0015084562,0.022119645,0.20578392,0.63530636,0.6862854,0.39280695,0.20158397,0.17042266,0.48332757,0.83243626,1.3216227,0.90899813,0.37717244,0.5165916,1.108896,1.5278363,1.6475911,3.7421834,7.0230794,4.816775,2.6231854,1.8073788,1.847719,1.9056876,0.75692815,0.08057994,0.030837407,0.045348942,0.13923025,0.5176171,0.63940114,0.20246923,0.05199031,0.040944643,0.110675186,0.2298492,0.19863756,0.10080193,0.03882143,0.09052727,0.19722962,0.34555015,0.5228173,0.3545122,0.15917288,0.238652,0.40949064,0.73417956,0.88235015,0.29862198,0.14518851,0.3593009,0.64827543,0.54501826,0.14419517,0.10300613,0.17133208,0.17840621,0.14962558,0.08949089,0.09626437,0.09479753,0.07051605,0.0533311,0.07009454,0.081838705,0.0657344,0.08152908,0.04653943,0.04085194,0.022676801,0.014683492,0.012728719,0.012920431,0.016251832,0.010519338,0.023044826,0.037863053,0.07292866,0.08234765,0.09418329,0.07067828,0.043478493,0.017157687,0.022027072,0.014618045,0.024016287,0.013470529,0.027536163,0.0178485,0.026063578,0.025232384,0.03624586,0.020287808,0.013634434,0.015186832,0.014713982,0.017480165,0.0076994663,0.0044839703,0.0031123587,0.0022277785,0.0012960738,0.0024183444,0.0054967944,0.0047589196,0.003624764,0.006387105,0.0051152934,0.0018565741,0.0015876653,0.0017465919,0.0026961172,0.0014388455,0.0022405735,0.005113619,0.011977371,0.009177874,0.009128266,0.025558218,0.02313354,0.008869642,0.0060640695,0.0011203944,0.0015297952,0.0034467024,0.0018003228,-441.65808,113.384705,-13.277058,27.214252,4.474568,20.171686,-6.604088,-8.998717,-10.0503645,-22.843452,-14.176374,-8.796501,-10.574543,-5.947535,-3.3376942,-3.50886,3.2843509,4.1125083,-4.283052,-3.5066977,0.22563806,-2.8495712,-2.9499905,-5.6564384,-7.9300194,-0.643101,-7.0912127,-9.024724,-0.13718726,-4.6897864,-4.604202,0.25753698,-3.6504238,-3.7185652,-1.5375314,-2.3521538,-4.195618,-3.8898418,-3.1584525,-4.1363635
